10.2.203.76,1
10.2.202.226,1
10.2.202.225,1
10.2.202.70,1
10.2.3.5,1
66.60.22.202,1
10.2.200.200,1
10.2.201.104,1
10.2.201.78,1
10.2.201.75,1
10.2.202.61,1
10.2.202.212,1
169.254.90.40,1
10.2.200.77,1
10.2.203.144,1
169.254.31.255,1
10.2.0.200,1
192.168.1.130,1
10.2.202.142,1
10.2.203.192,1
10.2.202.148,1
10.2.201.4,1
10.2.0.190,1
10.2.201.147,1
10.2.201.146,1
10.2.203.150,1
10.2.202.110,1
10.2.5.10,1
10.2.202.245,1
169.254.59.96,1
192.168.1.85,1
192.168.1.86,1
10.2.0.183,1
10.2.203.43,1
192.168.1.75,1
192.168.1.74,1
192.168.1.76,1
192.168.1.71,1
192.168.1.70,1
192.168.1.73,1
192.168.1.72,1
10.2.200.115,1
10.181.176.132,1
10.116.94.20,1
10.2.1.11,1
10.2.200.233,1
10.82.143.253,1
10.2.201.176,1
10.2.201.187,1
10.2.201.17,1
10.2.203.109,1
10.2.203.19,1
169.254.26.212,1
10.2.202.24,1
10.2.4.3,1
10.2.5.249,1
10.2.202.91,1
10.2.203.149,1
10.2.6.17,1
10.2.201.54,1
10.2.0.184,1
10.2.201.53,1
10.2.0.186,1
10.2.202.232,1
10.2.200.198,1
10.2.0.182,1
10.2.203.57,1
10.2.203.52,1
10.2.0.252,1
10.2.200.178,1
10.2.202.160,1
10.2.202.59,1
10.2.200.122,1
10.2.203.25,1
10.2.200.188,1
10.2.201.150,1
10.2.201.242,1
192.168.1.131,1
192.168.1.133,1
192.168.1.132,1
10.2.201.28,1
10.2.4.249,1
10.2.0.250,1
10.2.202.5,1
10.2.202.4,1
10.2.201.206,1
10.2.202.83,1
10.2.200.9,1
10.29.188.194,1
10.2.200.18,1
10.2.202.53,1
10.2.203.194,1
10.2.200.215,1
10.2.202.138,1
193.235.203.227,1
10.2.200.26,1
10.2.200.24,1
10.2.201.222,1
10.2.200.44,1
10.2.200.146,1
10.2.200.143,1
169.254.4.136,1
10.2.201.255,1
10.2.7.7,1
10.2.7.3,1
192.168.1.129,1
10.2.203.70,2
10.2.203.73,2
192.168.1.182,2
192.168.1.62,2
192.168.1.63,2
192.168.1.60,2
192.168.1.61,2
192.168.1.66,2
192.168.1.67,2
192.168.1.64,2
192.168.1.65,2
192.168.1.184,2
192.168.1.68,2
192.168.1.69,2
10.2.202.182,2
192.168.1.183,2
10.2.201.219,2
10.2.201.194,2
10.2.201.211,2
10.2.202.72,2
10.2.202.103,2
10.2.202.104,2
192.168.1.254,2
10.2.203.141,2
192.168.1.159,2
192.168.1.158,2
192.168.1.153,2
192.168.1.152,2
192.168.1.157,2
192.168.1.156,2
192.168.1.155,2
192.168.1.154,2
192.168.1.26,2
192.168.1.27,2
192.168.1.24,2
192.168.1.25,2
192.168.1.22,2
192.168.1.23,2
192.168.1.20,2
192.168.1.21,2
192.168.1.28,2
192.168.1.29,2
91.189.89.199,2
10.2.200.251,2
10.2.202.38,2
192.168.1.100,2
192.168.1.101,2
192.168.1.102,2
192.168.1.203,2
192.168.1.202,2
192.168.1.201,2
192.168.1.207,2
192.168.1.206,2
192.168.1.205,2
192.168.1.204,2
192.168.1.209,2
192.168.1.208,2
192.168.1.7,2
192.168.1.6,2
192.168.1.5,2
192.168.1.4,2
192.168.1.3,2
192.168.1.2,2
192.168.1.1,2
192.168.1.0,2
192.168.1.107,2
192.168.1.9,2
192.168.1.8,2
192.168.1.239,2
192.168.1.119,2
192.168.1.118,2
192.168.1.117,2
192.168.1.116,2
192.168.1.115,2
192.168.1.114,2
192.168.1.113,2
192.168.1.112,2
192.168.1.111,2
192.168.1.110,2
10.2.0.181,2
10.2.201.124,2
10.2.201.42,2
192.168.1.80,2
192.168.1.81,2
192.168.1.83,2
192.168.1.84,2
192.168.1.87,2
192.168.1.89,2
10.2.203.42,2
192.168.1.79,2
192.168.1.78,2
192.168.1.77,2
10.2.201.148,2
192.168.1.88,2
192.168.1.200,2
192.168.1.35,2
192.168.1.195,2
192.168.1.194,2
192.168.1.34,2
192.168.1.218,2
192.168.1.219,2
192.168.1.190,2
192.168.1.215,2
192.168.1.212,2
192.168.1.198,2
10.2.200.232,2
10.2.201.84,2
192.168.1.96,2
192.168.1.246,2
192.168.1.247,2
192.168.1.245,2
192.168.1.244,2
192.168.1.243,2
192.168.1.242,2
192.168.1.241,2
192.168.1.240,2
192.168.1.249,2
192.168.1.248,2
10.2.203.84,2
192.168.1.98,2
192.168.1.144,2
192.168.1.145,2
192.168.1.146,2
192.168.1.147,2
192.168.1.140,2
192.168.1.141,2
192.168.1.142,2
192.168.1.143,2
192.168.1.148,2
192.168.1.149,2
192.168.1.31,2
192.168.1.30,2
192.168.1.33,2
192.168.1.32,2
192.168.1.39,2
10.2.201.11,2
192.168.1.179,2
192.168.1.178,2
192.168.1.213,2
192.168.1.56,2
192.168.1.171,2
192.168.1.170,2
192.168.1.44,2
192.168.1.45,2
192.168.1.47,2
192.168.1.40,2
192.168.1.41,2
192.168.1.42,2
192.168.1.43,2
192.168.1.48,2
192.168.1.49,2
10.2.0.5,2
157.92.32.5,2
10.2.2.9,2
10.2.2.4,2
10.2.201.231,2
10.2.202.120,2
192.168.1.108,2
192.168.1.109,2
192.168.1.104,2
192.168.1.105,2
10.2.6.19,2
10.2.6.18,2
10.2.201.128,2
192.168.1.37,2
192.168.1.36,2
192.168.1.197,2
192.168.1.196,2
192.168.1.193,2
192.168.1.192,2
192.168.1.191,2
192.168.1.38,2
192.168.1.214,2
192.168.1.216,2
192.168.1.217,2
192.168.1.210,2
192.168.1.211,2
192.168.1.199,2
192.168.1.93,2
192.168.1.92,2
192.168.1.91,2
192.168.1.97,2
192.168.1.95,2
192.168.1.94,2
192.168.1.99,2
192.168.1.175,2
192.168.1.174,2
192.168.1.177,2
192.168.1.176,2
192.168.1.173,2
192.168.1.172,2
10.2.200.120,2
10.2.203.24,2
190.228.30.178,2
10.2.202.52,2
192.168.1.232,2
192.168.1.230,2
192.168.1.103,2
192.168.1.225,2
192.168.1.224,2
192.168.1.227,2
192.168.1.226,2
192.168.1.220,2
192.168.1.223,2
192.168.1.222,2
10.2.203.167,2
192.168.1.229,2
192.168.1.228,2
10.2.201.99,2
10.2.201.241,2
192.168.1.250,2
192.168.1.251,2
192.168.1.252,2
192.168.1.253,2
192.168.1.255,2
10.2.203.49,2
192.168.1.106,2
192.168.1.82,2
192.168.1.135,2
192.168.1.134,2
192.168.1.137,2
192.168.1.136,2
192.168.1.139,2
192.168.1.138,2
10.2.203.41,2
10.2.200.183,2
192.168.1.57,2
192.168.1.55,2
192.168.1.54,2
192.168.1.53,2
192.168.1.52,2
192.168.1.51,2
192.168.1.50,2
192.168.1.59,2
192.168.1.58,2
10.2.202.10,2
192.168.1.46,2
10.2.200.88,2
10.2.203.172,2
10.2.201.110,2
192.168.1.151,2
192.168.1.150,2
192.168.1.180,2
192.168.1.181,2
10.2.202.220,2
192.168.1.185,2
192.168.1.186,2
192.168.1.187,2
192.168.1.188,2
192.168.1.189,2
169.254.54.53,2
192.168.1.168,2
192.168.1.169,2
192.168.1.166,2
192.168.1.167,2
192.168.1.164,2
192.168.1.165,2
192.168.1.162,2
192.168.1.163,2
192.168.1.160,2
192.168.1.161,2
157.92.15.133,2
192.168.1.19,2
192.168.1.18,2
192.168.1.13,2
192.168.1.12,2
192.168.1.11,2
192.168.1.10,2
192.168.1.17,2
192.168.1.16,2
192.168.1.15,2
192.168.1.14,2
10.2.200.149,2
192.168.1.236,2
192.168.1.237,2
192.168.1.234,2
192.168.1.235,2
192.168.1.90,2
192.168.1.233,2
192.168.1.231,2
10.2.201.156,2
192.168.1.238,2
192.168.1.221,2
192.168.1.122,2
192.168.1.123,2
192.168.1.120,2
192.168.1.121,2
192.168.1.126,2
192.168.1.127,2
192.168.1.124,2
192.168.1.125,2
192.168.1.128,2
10.2.201.34,2
10.2.202.108,3
10.2.202.192,3
10.2.202.147,3
10.2.2.250,3
64.233.186.95,3
10.2.201.227,3
10.2.201.175,3
10.2.202.205,3
10.2.203.100,3
10.2.4.7,3
10.2.7.21,3
10.2.7.24,3
10.2.203.40,3
10.2.203.69,3
10.2.203.93,3
10.2.202.136,3
10.2.200.218,3
10.2.201.119,3
10.2.201.113,3
10.2.202.188,3
10.2.202.174,3
10.2.201.151,3
10.2.203.121,3
10.2.201.32,3
10.2.201.31,3
10.2.201.216,4
10.2.203.181,4
10.2.202.217,4
10.2.0.68,4
10.2.201.0,4
10.2.7.16,4
10.2.7.12,4
10.2.201.41,4
10.2.202.248,4
10.2.203.14,4
10.2.200.166,4
10.2.200.62,4
10.2.6.13,4
10.2.2.17,4
10.2.2.11,4
169.254.244.98,4
10.2.201.245,4
10.2.203.136,4
10.2.200.255,4
10.2.200.173,4
10.2.200.86,4
10.2.202.89,4
10.2.200.145,4
10.2.201.39,4
10.2.202.73,5
169.254.208.49,5
10.2.7.10,5
10.2.201.43,5
10.2.1.10,5
10.2.1.12,5
10.2.1.16,5
10.2.6.23,5
10.2.2.3,5
10.2.200.67,5
10.2.5.24,5
10.2.7.22,5
10.2.7.20,5
10.2.7.25,5
10.2.2.14,5
10.2.2.10,5
10.2.202.237,5
10.2.200.225,5
10.2.201.169,5
10.2.203.196,5
10.2.202.227,5
10.2.200.246,5
10.2.1.4,5
10.2.202.172,5
10.2.3.8,5
10.2.2.5,5
10.2.7.8,5
10.2.202.228,6
10.2.6.250,6
10.2.7.17,6
10.2.7.11,6
10.2.7.18,6
10.2.7.19,6
10.2.203.200,6
10.2.203.47,6
10.2.1.14,6
10.2.6.20,6
10.2.201.181,6
10.2.2.21,6
10.2.5.22,6
10.2.4.1,6
10.2.6.9,6
10.2.6.3,6
10.2.6.5,6
10.2.6.7,6
10.2.1.21,6
10.2.201.129,6
10.2.6.11,6
10.2.6.15,6
10.2.6.14,6
10.2.201.52,6
10.2.2.15,6
10.2.5.12,6
10.2.202.169,6
10.2.202.6,6
10.2.203.190,6
10.2.202.181,6
10.2.203.38,6
10.2.0.2,6
10.2.202.175,6
10.2.3.2,6
10.2.3.4,6
10.2.3.6,6
10.2.3.7,6
10.2.3.9,6
10.2.5.9,6
10.2.5.4,6
10.2.5.1,6
10.2.7.5,6
10.2.7.6,6
10.2.7.1,6
10.2.6.249,6
10.2.203.75,7
10.2.202.193,7
10.2.7.15,7
10.2.4.23,7
10.2.4.21,7
10.2.1.15,7
10.2.1.17,7
10.2.6.22,7
10.2.5.21,7
10.2.5.20,7
10.2.5.23,7
10.2.0.3,7
10.2.2.6,7
10.2.2.2,7
10.2.6.2,7
10.2.6.6,7
10.2.6.12,7
10.2.201.50,7
10.2.5.18,7
10.2.2.16,7
10.2.2.13,7
10.2.2.12,7
10.2.2.19,7
10.2.200.50,7
169.254.192.22,7
10.2.200.216,7
10.2.200.46,7
10.2.1.3,7
10.2.1.7,7
10.2.1.9,7
10.2.3.1,7
10.2.3.3,7
10.2.5.8,7
10.2.5.6,7
10.2.5.3,7
10.2.2.1,7
10.2.202.255,7
10.2.200.106,8
10.2.202.218,8
10.2.5.17,8
10.2.1.18,8
10.2.200.236,8
10.2.200.238,8
10.2.203.106,8
10.2.2.20,8
10.2.2.7,8
10.2.6.8,8
10.2.1.20,8
10.2.6.16,8
10.2.5.19,8
10.2.200.27,8
10.2.201.93,8
10.2.200.1,8
10.2.1.8,8
10.2.201.252,8
10.2.7.9,8
10.2.203.161,9
10.2.200.158,9
10.2.7.14,9
10.2.4.24,9
10.2.6.24,9
10.2.2.8,9
10.2.200.162,9
10.2.201.167,9
10.2.202.180,9
10.2.203.146,10
10.2.203.0,10
10.2.201.228,10
10.2.1.19,10
10.2.200.230,10
10.2.4.8,10
10.2.6.1,10
10.2.6.10,10
10.2.201.91,10
10.2.7.2,10
10.2.200.105,11
10.2.201.132,11
10.2.203.98,11
10.2.2.18,11
10.2.200.125,11
10.2.201.217,12
10.2.200.35,12
10.2.203.78,13
10.2.202.65,13
10.2.200.190,13
10.2.203.10,13
10.2.203.26,13
10.2.1.6,14
10.2.202.250,14
10.2.203.37,15
10.2.201.96,16
10.2.201.102,16
10.2.1.205,16
10.2.202.122,16
10.2.1.250,16
10.2.202.239,17
10.2.202.190,17
10.2.202.238,17
10.2.202.62,17
10.2.200.25,17
10.2.203.55,18
10.2.3.250,18
169.254.210.27,19
10.2.3.10,19
10.2.201.56,19
10.2.201.133,19
10.2.202.0,19
10.2.7.55,20
10.2.200.253,20
10.2.200.234,21
10.2.202.249,22
10.2.200.19,22
10.2.202.67,23
10.2.7.205,23
10.2.203.87,23
10.2.3.249,23
10.2.202.51,23
10.2.201.208,23
10.2.203.82,24
10.2.4.205,24
10.2.200.131,24
10.2.202.210,25
10.2.200.11,25
10.2.200.133,25
10.2.6.205,27
10.2.2.205,28
10.2.201.35,28
10.2.200.52,29
10.2.5.205,29
10.2.203.179,29
10.2.202.47,29
10.2.0.205,30
10.2.200.53,30
10.2.3.205,33
10.2.203.27,35
10.2.202.173,35
10.2.200.117,41
10.2.0.254,41
10.2.200.229,45
10.2.203.50,56
10.2.200.82,58
10.2.4.254,67
10.2.2.249,68
169.254.255.255,72
10.2.0.65,77
10.2.2.254,77
10.2.201.165,83
10.2.0.67,84
10.2.0.64,85
10.2.200.119,89
10.2.1.249,94
10.2.1.1,99
10.2.3.230,102
10.2.1.5,103
10.2.1.2,105
10.2.7.249,123
10.2.5.254,131
10.2.6.254,150
10.2.7.23,156
0.0.0.0,158
10.2.3.254,163
10.2.7.13,175
10.2.7.250,182
10.2.203.125,200
10.2.7.4,206
10.2.0.187,226
10.2.200.231,235
10.0.0.253,246
10.2.0.249,251
10.0.0.241,251
10.2.1.13,257
10.2.1.254,288
10.2.7.254,320
10.2.1.230,336
10.2.200.152,418
10.2.201.130,501
10.2.203.254,1568
