10.251.25.243,1
10.251.25.169,1
10.251.25.244,1
10.251.25.159,1
10.251.25.158,1
10.251.25.156,1
10.251.25.155,1
10.251.25.154,1
10.251.25.254,1
10.251.25.3,1
10.251.25.143,1
10.251.25.220,1
10.251.25.222,1
10.251.25.225,1
10.251.25.227,1
10.251.25.228,1
10.251.25.232,1
10.251.25.230,1
10.251.25.139,1
10.251.25.234,1
10.251.25.238,1
10.251.25.136,1
169.254.217.152,1
10.251.25.130,1
10.251.25.133,1
10.251.25.236,1
10.251.25.209,1
10.251.25.208,1
10.251.25.207,1
10.251.25.204,1
10.251.25.203,1
10.251.25.202,1
10.251.25.129,1
10.251.25.126,1
10.251.25.127,1
10.251.25.122,1
10.251.25.121,1
10.251.25.239,1
10.251.25.218,1
10.251.25.219,1
10.251.25.190,1
10.251.25.197,1
10.251.25.194,1
10.251.25.210,1
10.251.25.211,1
10.251.25.199,1
10.251.25.198,1
10.251.25.84,1
10.251.25.119,1
10.251.25.111,1
10.251.25.110,1
10.251.25.116,1
100.66.105.58,1
10.251.25.96,1
10.251.25.104,1
10.251.25.105,1
10.251.25.106,1
10.251.25.107,1
10.251.25.101,1
10.251.25.109,1
10.251.25.99,1
10.251.25.98,1
10.251.25.212,1
10.251.25.170,1
10.251.25.173,1
10.251.25.172,1
10.251.25.177,1
10.251.25.176,1
10.251.25.179,1
10.251.25.235,1
10.251.25.188,1
10.251.25.184,1
10.251.25.185,1
10.251.25.187,1
10.251.25.182,1
10.251.25.183,1
10.251.25.163,2
10.251.25.160,2
10.251.25.164,2
10.251.25.250,2
10.251.25.252,2
10.251.25.42,2
10.251.25.148,2
10.251.25.145,2
10.251.25.147,2
10.251.25.223,2
10.251.25.226,2
10.251.25.229,2
10.251.25.231,2
10.251.25.69,2
10.251.25.135,2
10.251.25.123,2
10.251.25.131,2
10.251.25.103,2
10.251.25.213,2
10.251.25.178,2
10.251.25.181,2
10.251.25.128,3
10.251.25.217,3
10.251.25.140,4
10.251.25.87,4
169.254.246.53,4
10.251.25.146,5
10.251.25.247,7
10.251.25.112,7
10.251.25.153,8
169.254.255.255,8
10.251.25.196,9
10.251.25.141,11
10.251.25.249,12
10.251.25.233,12
10.251.25.237,12
10.251.25.171,12
10.251.25.200,14
10.251.25.186,22
10.251.25.214,25
10.251.25.93,36
0.0.0.0,51
10.251.25.1,209
