1,28:27:bf:e0:c7:f8,00:00:00:00:00:00,10.251.25.69,10.251.25.1,ff:ff:ff:ff:ff:ff,28:27:bf:e0:c7:f8,1460739220.96
1,a4:51:6f:00:5c:a8,00:00:00:00:00:00,10.251.25.87,10.251.25.1,ff:ff:ff:ff:ff:ff,a4:51:6f:00:5c:a8,1460739233.73
1,a4:51:6f:00:5c:a8,00:00:00:00:00:00,0.0.0.0,10.251.25.87,ff:ff:ff:ff:ff:ff,a4:51:6f:00:5c:a8,1460739244.33
1,a4:51:6f:00:5c:a8,00:00:00:00:00:00,0.0.0.0,10.251.25.87,ff:ff:ff:ff:ff:ff,a4:51:6f:00:5c:a8,1460739245.39
1,a4:51:6f:00:5c:a8,00:00:00:00:00:00,10.251.25.87,10.251.25.1,ff:ff:ff:ff:ff:ff,a4:51:6f:00:5c:a8,1460739251.42
1,d4:40:f0:87:00:d1,00:00:00:00:00:00,10.251.25.84,10.251.25.1,ff:ff:ff:ff:ff:ff,d4:40:f0:87:00:d1,1460739268.17
1,08:ec:a9:22:31:14,00:00:00:00:00:00,10.251.25.99,10.251.25.1,ff:ff:ff:ff:ff:ff,08:ec:a9:22:31:14,1460739292.85
1,d8:90:e8:2f:41:5a,00:00:00:00:00:00,10.251.25.103,10.251.25.1,ff:ff:ff:ff:ff:ff,d8:90:e8:2f:41:5a,1460739306.44
1,e8:91:20:a8:e2:cb,00:00:00:00:00:00,10.251.25.104,10.251.25.1,ff:ff:ff:ff:ff:ff,e8:91:20:a8:e2:cb,1460739312.9
1,0c:8b:fd:c0:e6:03,00:00:00:00:00:00,10.251.25.93,10.251.25.1,ff:ff:ff:ff:ff:ff,0c:8b:fd:c0:e6:03,1460739327.63
2,ac:f2:c5:bd:b8:28,0c:8b:fd:c0:e6:03,10.251.25.1,10.251.25.93,0c:8b:fd:c0:e6:03,ac:f2:c5:bd:b8:28,1460739327.65
1,14:30:c6:02:19:8c,00:00:00:00:00:00,10.251.25.42,10.251.25.1,ff:ff:ff:ff:ff:ff,14:30:c6:02:19:8c,1460739403.95
1,a4:70:d6:01:a3:53,00:00:00:00:00:00,10.251.25.105,10.251.25.1,ff:ff:ff:ff:ff:ff,a4:70:d6:01:a3:53,1460739437.12
1,ec:1f:72:59:2b:bf,00:00:00:00:00:00,10.251.25.101,10.251.25.1,ff:ff:ff:ff:ff:ff,ec:1f:72:59:2b:bf,1460739444.92
1,b0:e0:3c:57:d9:ab,00:00:00:00:00:00,10.251.25.106,10.251.25.1,ff:ff:ff:ff:ff:ff,b0:e0:3c:57:d9:ab,1460739459.27
1,0c:8b:fd:c0:e6:03,00:00:00:00:00:00,10.251.25.93,10.251.25.1,ff:ff:ff:ff:ff:ff,0c:8b:fd:c0:e6:03,1460739475.49
2,ac:f2:c5:bd:b8:28,0c:8b:fd:c0:e6:03,10.251.25.1,10.251.25.93,0c:8b:fd:c0:e6:03,ac:f2:c5:bd:b8:28,1460739475.51
1,0c:8b:fd:c0:e6:03,ac:f2:c5:bd:b8:28,10.251.25.93,10.251.25.1,ac:f2:c5:bd:b8:28,0c:8b:fd:c0:e6:03,1460739508.24
2,ac:f2:c5:bd:b8:28,0c:8b:fd:c0:e6:03,10.251.25.1,10.251.25.93,0c:8b:fd:c0:e6:03,ac:f2:c5:bd:b8:28,1460739508.27
1,0c:8b:fd:c0:e6:03,00:00:00:00:00:00,0.0.0.0,10.251.25.93,ff:ff:ff:ff:ff:ff,0c:8b:fd:c0:e6:03,1460739556.29
1,0c:8b:fd:c0:e6:03,00:00:00:00:00:00,10.251.25.93,10.251.25.1,ff:ff:ff:ff:ff:ff,0c:8b:fd:c0:e6:03,1460739557.22
2,ac:f2:c5:bd:b8:28,0c:8b:fd:c0:e6:03,10.251.25.1,10.251.25.93,0c:8b:fd:c0:e6:03,ac:f2:c5:bd:b8:28,1460739557.24
1,0c:8b:fd:c0:e6:03,00:00:00:00:00:00,0.0.0.0,10.251.25.93,ff:ff:ff:ff:ff:ff,0c:8b:fd:c0:e6:03,1460739557.35
1,0c:8b:fd:c0:e6:03,00:00:00:00:00:00,0.0.0.0,10.251.25.93,ff:ff:ff:ff:ff:ff,0c:8b:fd:c0:e6:03,1460739558.23
1,0c:8b:fd:c0:e6:03,00:00:00:00:00:00,10.251.25.93,10.251.25.93,ff:ff:ff:ff:ff:ff,0c:8b:fd:c0:e6:03,1460739559.25
1,e4:92:fb:b4:04:52,00:00:00:00:00:00,10.251.25.107,10.251.25.1,ff:ff:ff:ff:ff:ff,e4:92:fb:b4:04:52,1460739563.97
1,24:4b:81:fb:2b:8c,00:00:00:00:00:00,10.251.25.109,10.251.25.1,ff:ff:ff:ff:ff:ff,24:4b:81:fb:2b:8c,1460739603.64
1,f0:27:65:16:ce:5d,00:00:00:00:00:00,10.251.25.110,10.251.25.1,ff:ff:ff:ff:ff:ff,f0:27:65:16:ce:5d,1460739633.15
1,0c:8b:fd:c0:e6:03,ac:f2:c5:bd:b8:28,10.251.25.93,10.251.25.1,ac:f2:c5:bd:b8:28,0c:8b:fd:c0:e6:03,1460739639.27
2,ac:f2:c5:bd:b8:28,0c:8b:fd:c0:e6:03,10.251.25.1,10.251.25.93,0c:8b:fd:c0:e6:03,ac:f2:c5:bd:b8:28,1460739639.28
1,ec:1f:72:17:d4:0b,00:00:00:00:00:00,10.251.25.111,10.251.25.1,ff:ff:ff:ff:ff:ff,ec:1f:72:17:d4:0b,1460739650.4
1,bc:e6:3f:c7:62:75,00:00:00:00:00:00,10.251.25.112,10.251.25.1,ff:ff:ff:ff:ff:ff,bc:e6:3f:c7:62:75,1460739690.81
1,28:27:bf:e0:c7:f8,00:00:00:00:00:00,10.251.25.69,10.251.25.1,ff:ff:ff:ff:ff:ff,28:27:bf:e0:c7:f8,1460739699.76
1,ec:9b:f3:64:39:8f,00:00:00:00:00:00,10.251.25.116,10.251.25.1,ff:ff:ff:ff:ff:ff,ec:9b:f3:64:39:8f,1460739703.11
1,0c:8b:fd:c0:e6:03,ac:f2:c5:bd:b8:28,10.251.25.93,10.251.25.1,ac:f2:c5:bd:b8:28,0c:8b:fd:c0:e6:03,1460739711.28
2,ac:f2:c5:bd:b8:28,0c:8b:fd:c0:e6:03,10.251.25.1,10.251.25.93,0c:8b:fd:c0:e6:03,ac:f2:c5:bd:b8:28,1460739711.3
1,44:80:eb:dc:7a:24,00:00:00:00:00:00,10.251.25.119,10.251.25.1,ff:ff:ff:ff:ff:ff,44:80:eb:dc:7a:24,1460739715.79
1,f4:f1:e1:8e:ef:52,00:00:00:00:00:00,10.251.25.121,10.251.25.1,ff:ff:ff:ff:ff:ff,f4:f1:e1:8e:ef:52,1460739762.37
1,d0:87:e2:fb:6a:7f,00:00:00:00:00:00,10.251.25.122,10.251.25.1,ff:ff:ff:ff:ff:ff,d0:87:e2:fb:6a:7f,1460739810.64
1,0c:8b:fd:c0:e6:03,ac:f2:c5:bd:b8:28,10.251.25.93,10.251.25.1,ac:f2:c5:bd:b8:28,0c:8b:fd:c0:e6:03,1460739814.77
2,ac:f2:c5:bd:b8:28,0c:8b:fd:c0:e6:03,10.251.25.1,10.251.25.93,0c:8b:fd:c0:e6:03,ac:f2:c5:bd:b8:28,1460739814.8
1,0c:8b:fd:c0:e6:03,ac:f2:c5:bd:b8:28,10.251.25.93,10.251.25.1,ac:f2:c5:bd:b8:28,0c:8b:fd:c0:e6:03,1460739847.3
2,ac:f2:c5:bd:b8:28,0c:8b:fd:c0:e6:03,10.251.25.1,10.251.25.93,0c:8b:fd:c0:e6:03,ac:f2:c5:bd:b8:28,1460739847.32
1,e4:90:7e:25:44:0f,00:00:00:00:00:00,10.251.25.123,10.251.25.1,ff:ff:ff:ff:ff:ff,e4:90:7e:25:44:0f,1460739855.16
1,e8:50:8b:cd:06:81,00:00:00:00:00:00,10.251.25.126,10.251.25.1,ff:ff:ff:ff:ff:ff,e8:50:8b:cd:06:81,1460739881.88
1,34:4d:f7:16:a3:7d,00:00:00:00:00:00,10.251.25.127,10.251.25.1,ff:ff:ff:ff:ff:ff,34:4d:f7:16:a3:7d,1460739882.54
1,e8:50:8b:b2:34:25,00:00:00:00:00:00,10.251.25.128,10.251.25.1,ff:ff:ff:ff:ff:ff,e8:50:8b:b2:34:25,1460739902.98
1,e4:40:e2:68:3c:3c,00:00:00:00:00:00,10.251.25.129,10.251.25.1,ff:ff:ff:ff:ff:ff,e4:40:e2:68:3c:3c,1460739918.5
1,3c:a1:0d:22:5d:68,00:00:00:00:00:00,10.251.25.98,10.251.25.1,ff:ff:ff:ff:ff:ff,3c:a1:0d:22:5d:68,1460739929.35
1,0c:8b:fd:c0:e6:03,00:00:00:00:00:00,10.251.25.93,10.251.25.1,ff:ff:ff:ff:ff:ff,0c:8b:fd:c0:e6:03,1460739953.72
2,ac:f2:c5:bd:b8:28,0c:8b:fd:c0:e6:03,10.251.25.1,10.251.25.93,0c:8b:fd:c0:e6:03,ac:f2:c5:bd:b8:28,1460739953.73
1,fc:19:10:f1:7a:ee,00:00:00:00:00:00,10.251.25.130,10.251.25.1,ff:ff:ff:ff:ff:ff,fc:19:10:f1:7a:ee,1460739960.2
1,e8:50:8b:b2:34:25,00:00:00:00:00:00,10.251.25.128,10.251.25.1,ff:ff:ff:ff:ff:ff,e8:50:8b:b2:34:25,1460739974.05
1,bc:44:86:4c:3a:05,00:00:00:00:00:00,10.251.25.131,10.251.25.1,ff:ff:ff:ff:ff:ff,bc:44:86:4c:3a:05,1460739977.41
1,c8:a8:23:48:3f:45,00:00:00:00:00:00,10.251.25.133,10.251.25.1,ff:ff:ff:ff:ff:ff,c8:a8:23:48:3f:45,1460739983.88
1,0c:8b:fd:c0:e6:03,ac:f2:c5:bd:b8:28,10.251.25.93,10.251.25.1,ac:f2:c5:bd:b8:28,0c:8b:fd:c0:e6:03,1460740011.27
2,ac:f2:c5:bd:b8:28,0c:8b:fd:c0:e6:03,10.251.25.1,10.251.25.93,0c:8b:fd:c0:e6:03,ac:f2:c5:bd:b8:28,1460740011.29
1,bc:e6:3f:c7:62:75,00:00:00:00:00:00,10.251.25.112,10.251.25.1,ff:ff:ff:ff:ff:ff,bc:e6:3f:c7:62:75,1460740012.63
1,bc:e6:3f:c7:62:75,00:00:00:00:00:00,10.251.25.112,10.251.25.1,ff:ff:ff:ff:ff:ff,bc:e6:3f:c7:62:75,1460740014.57
1,bc:e6:3f:c7:62:75,00:00:00:00:00:00,10.251.25.112,10.251.25.1,ff:ff:ff:ff:ff:ff,bc:e6:3f:c7:62:75,1460740014.6
1,bc:e6:3f:c7:62:75,00:00:00:00:00:00,10.251.25.112,10.251.25.1,ff:ff:ff:ff:ff:ff,bc:e6:3f:c7:62:75,1460740015.81
1,bc:e6:3f:c7:62:75,00:00:00:00:00:00,10.251.25.112,10.251.25.1,ff:ff:ff:ff:ff:ff,bc:e6:3f:c7:62:75,1460740018.54
1,bc:e6:3f:c7:62:75,00:00:00:00:00:00,10.251.25.112,10.251.25.1,ff:ff:ff:ff:ff:ff,bc:e6:3f:c7:62:75,1460740020.57
1,a0:39:f7:0f:2b:1a,00:00:00:00:00:00,10.251.25.96,10.251.25.1,ff:ff:ff:ff:ff:ff,a0:39:f7:0f:2b:1a,1460740020.59
1,80:6c:1b:9b:50:da,00:00:00:00:00:00,10.251.25.135,10.251.25.1,ff:ff:ff:ff:ff:ff,80:6c:1b:9b:50:da,1460740023.98
1,bc:44:86:4c:3a:05,00:00:00:00:00:00,10.251.25.131,10.251.25.1,ff:ff:ff:ff:ff:ff,bc:44:86:4c:3a:05,1460740051.76
1,10:3b:59:6f:b0:65,00:00:00:00:00:00,10.251.25.136,10.251.25.1,ff:ff:ff:ff:ff:ff,10:3b:59:6f:b0:65,1460740089.54
1,e4:90:7e:25:44:0f,00:00:00:00:00:00,10.251.25.123,10.251.25.1,ff:ff:ff:ff:ff:ff,e4:90:7e:25:44:0f,1460740099.17
1,0c:8b:fd:c0:e6:03,00:00:00:00:00:00,10.251.25.93,10.251.25.1,ff:ff:ff:ff:ff:ff,0c:8b:fd:c0:e6:03,1460740111.18
2,ac:f2:c5:bd:b8:28,0c:8b:fd:c0:e6:03,10.251.25.1,10.251.25.93,0c:8b:fd:c0:e6:03,ac:f2:c5:bd:b8:28,1460740111.2
1,e8:50:8b:b2:34:25,00:00:00:00:00:00,10.251.25.128,10.251.25.1,ff:ff:ff:ff:ff:ff,e8:50:8b:b2:34:25,1460740148.84
1,0c:8b:fd:c0:e6:03,ac:f2:c5:bd:b8:28,10.251.25.93,10.251.25.1,ac:f2:c5:bd:b8:28,0c:8b:fd:c0:e6:03,1460740161.29
2,ac:f2:c5:bd:b8:28,0c:8b:fd:c0:e6:03,10.251.25.1,10.251.25.93,0c:8b:fd:c0:e6:03,ac:f2:c5:bd:b8:28,1460740161.31
1,08:ec:a9:22:5a:62,00:00:00:00:00:00,10.251.25.139,10.251.25.1,ff:ff:ff:ff:ff:ff,08:ec:a9:22:5a:62,1460740172.85
1,cc:c3:ea:dd:1a:28,00:00:00:00:00:00,10.251.25.140,10.251.25.1,ff:ff:ff:ff:ff:ff,cc:c3:ea:dd:1a:28,1460740197.51
1,cc:c3:ea:dd:1a:28,00:00:00:00:00:00,10.251.25.140,10.251.25.1,ff:ff:ff:ff:ff:ff,cc:c3:ea:dd:1a:28,1460740197.96
1,cc:c3:ea:dd:1a:28,00:00:00:00:00:00,10.251.25.140,10.251.25.1,ff:ff:ff:ff:ff:ff,cc:c3:ea:dd:1a:28,1460740198.74
1,f0:d1:a9:f2:5e:c9,00:00:00:00:00:00,0.0.0.0,10.251.25.141,ff:ff:ff:ff:ff:ff,f0:d1:a9:f2:5e:c9,1460740202.18
1,f0:d1:a9:f2:5e:c9,00:00:00:00:00:00,0.0.0.0,10.251.25.141,ff:ff:ff:ff:ff:ff,f0:d1:a9:f2:5e:c9,1460740202.74
1,f0:d1:a9:f2:5e:c9,00:00:00:00:00:00,10.251.25.141,10.251.25.141,ff:ff:ff:ff:ff:ff,f0:d1:a9:f2:5e:c9,1460740203.19
1,f0:d1:a9:f2:5e:c9,00:00:00:00:00:00,10.251.25.141,10.251.25.141,ff:ff:ff:ff:ff:ff,f0:d1:a9:f2:5e:c9,1460740203.43
1,f0:d1:a9:f2:5e:c9,00:00:00:00:00:00,10.251.25.141,10.251.25.141,ff:ff:ff:ff:ff:ff,f0:d1:a9:f2:5e:c9,1460740203.77
1,f0:d1:a9:f2:5e:c9,00:00:00:00:00:00,10.251.25.141,10.251.25.1,ff:ff:ff:ff:ff:ff,f0:d1:a9:f2:5e:c9,1460740204.01
1,f0:d1:a9:f2:5e:c9,00:00:00:00:00:00,10.251.25.141,169.254.255.255,ff:ff:ff:ff:ff:ff,f0:d1:a9:f2:5e:c9,1460740204.02
1,f0:d1:a9:f2:5e:c9,00:00:00:00:00:00,10.251.25.141,10.251.25.1,ff:ff:ff:ff:ff:ff,f0:d1:a9:f2:5e:c9,1460740204.27
1,40:6f:2a:72:dd:8c,ff:ff:ff:ff:ff:ff,10.251.25.146,10.251.25.1,ff:ff:ff:ff:ff:ff,40:6f:2a:72:dd:8c,1460740252.1
1,94:d7:71:01:55:da,00:00:00:00:00:00,10.251.25.143,10.251.25.1,ff:ff:ff:ff:ff:ff,94:d7:71:01:55:da,1460740260.41
1,34:bb:26:e2:9c:8f,00:00:00:00:00:00,10.251.25.145,10.251.25.1,ff:ff:ff:ff:ff:ff,34:bb:26:e2:9c:8f,1460740262.29
1,f4:f1:e1:99:74:a4,00:00:00:00:00:00,10.251.25.148,10.251.25.1,ff:ff:ff:ff:ff:ff,f4:f1:e1:99:74:a4,1460740266.93
1,d8:90:e8:2f:41:5a,00:00:00:00:00:00,10.251.25.103,10.251.25.1,ff:ff:ff:ff:ff:ff,d8:90:e8:2f:41:5a,1460740281.1
1,0c:8b:fd:c0:e6:03,00:00:00:00:00:00,10.251.25.93,10.251.25.1,ff:ff:ff:ff:ff:ff,0c:8b:fd:c0:e6:03,1460740286.6
2,ac:f2:c5:bd:b8:28,0c:8b:fd:c0:e6:03,10.251.25.1,10.251.25.93,0c:8b:fd:c0:e6:03,ac:f2:c5:bd:b8:28,1460740286.61
1,80:6c:1b:9b:50:da,00:00:00:00:00:00,10.251.25.135,10.251.25.1,ff:ff:ff:ff:ff:ff,80:6c:1b:9b:50:da,1460740327.09
1,30:c7:ae:a8:e0:9c,00:00:00:00:00:00,10.251.25.153,10.251.25.1,ff:ff:ff:ff:ff:ff,30:c7:ae:a8:e0:9c,1460740336.72
1,30:c7:ae:a8:e0:9c,00:00:00:00:00:00,10.251.25.153,10.251.25.1,ff:ff:ff:ff:ff:ff,30:c7:ae:a8:e0:9c,1460740360.88
1,34:bb:26:e2:9c:8f,00:00:00:00:00:00,10.251.25.145,10.251.25.1,ff:ff:ff:ff:ff:ff,34:bb:26:e2:9c:8f,1460740393.7
1,cc:c3:ea:dd:1a:28,00:00:00:00:00:00,10.251.25.140,10.251.25.1,ff:ff:ff:ff:ff:ff,cc:c3:ea:dd:1a:28,1460740394.73
1,30:c7:ae:a8:e0:9c,00:00:00:00:00:00,10.251.25.153,10.251.25.1,ff:ff:ff:ff:ff:ff,30:c7:ae:a8:e0:9c,1460740396.77
1,f8:f1:b6:8d:a3:c8,00:00:00:00:00:00,10.251.25.154,10.251.25.1,ff:ff:ff:ff:ff:ff,f8:f1:b6:8d:a3:c8,1460740409.57
1,24:da:9b:ef:1e:15,00:00:00:00:00:00,10.251.25.155,10.251.25.1,ff:ff:ff:ff:ff:ff,24:da:9b:ef:1e:15,1460740421.65
1,0c:8b:fd:c0:e6:03,00:00:00:00:00:00,10.251.25.93,10.251.25.1,ff:ff:ff:ff:ff:ff,0c:8b:fd:c0:e6:03,1460740436.71
2,ac:f2:c5:bd:b8:28,0c:8b:fd:c0:e6:03,10.251.25.1,10.251.25.93,0c:8b:fd:c0:e6:03,ac:f2:c5:bd:b8:28,1460740436.72
1,28:27:bf:e0:c7:f8,00:00:00:00:00:00,10.251.25.156,10.251.25.1,ff:ff:ff:ff:ff:ff,28:27:bf:e0:c7:f8,1460740456.18
1,f4:f1:e1:99:74:a4,00:00:00:00:00:00,10.251.25.148,10.251.25.1,ff:ff:ff:ff:ff:ff,f4:f1:e1:99:74:a4,1460740466.84
1,30:c7:ae:a8:e0:9c,00:00:00:00:00:00,10.251.25.153,10.251.25.1,ff:ff:ff:ff:ff:ff,30:c7:ae:a8:e0:9c,1460740519.01
1,50:f0:d3:d1:a6:0a,00:00:00:00:00:00,10.251.25.158,10.251.25.1,ff:ff:ff:ff:ff:ff,50:f0:d3:d1:a6:0a,1460740563.12
1,ec:1f:72:17:d4:0b,00:00:00:00:00:00,10.251.25.159,10.251.25.1,ff:ff:ff:ff:ff:ff,ec:1f:72:17:d4:0b,1460740586.9
1,84:10:0d:72:47:53,00:00:00:00:00:00,10.251.25.147,10.251.25.1,ff:ff:ff:ff:ff:ff,84:10:0d:72:47:53,1460740594.86
1,0c:8b:fd:c0:e6:03,00:00:00:00:00:00,10.251.25.93,10.251.25.1,ff:ff:ff:ff:ff:ff,0c:8b:fd:c0:e6:03,1460740606.5
2,ac:f2:c5:bd:b8:28,0c:8b:fd:c0:e6:03,10.251.25.1,10.251.25.93,0c:8b:fd:c0:e6:03,ac:f2:c5:bd:b8:28,1460740606.62
1,bc:44:86:4c:3a:05,00:00:00:00:00:00,10.251.25.160,10.251.25.1,ff:ff:ff:ff:ff:ff,bc:44:86:4c:3a:05,1460740675.47
1,e8:50:8b:cd:06:81,00:00:00:00:00:00,10.251.25.163,10.251.25.1,ff:ff:ff:ff:ff:ff,e8:50:8b:cd:06:81,1460740712.07
1,54:40:ad:05:97:a1,00:00:00:00:00:00,10.251.25.164,10.251.25.1,ff:ff:ff:ff:ff:ff,54:40:ad:05:97:a1,1460740728.71
1,f8:95:c7:bd:a6:d1,00:00:00:00:00:00,10.251.25.169,10.251.25.1,ff:ff:ff:ff:ff:ff,f8:95:c7:bd:a6:d1,1460740746.9
1,94:35:0a:41:25:41,00:00:00:00:00:00,10.251.25.170,10.251.25.1,ff:ff:ff:ff:ff:ff,94:35:0a:41:25:41,1460740756.56
1,0c:8b:fd:c0:e6:03,00:00:00:00:00:00,10.251.25.93,10.251.25.1,ff:ff:ff:ff:ff:ff,0c:8b:fd:c0:e6:03,1460740756.58
2,ac:f2:c5:bd:b8:28,0c:8b:fd:c0:e6:03,10.251.25.1,10.251.25.93,0c:8b:fd:c0:e6:03,ac:f2:c5:bd:b8:28,1460740756.69
1,0c:30:21:52:9d:3f,00:00:00:00:00:00,0.0.0.0,10.251.25.171,ff:ff:ff:ff:ff:ff,0c:30:21:52:9d:3f,1460740782.23
1,0c:30:21:52:9d:3f,00:00:00:00:00:00,0.0.0.0,10.251.25.171,ff:ff:ff:ff:ff:ff,0c:30:21:52:9d:3f,1460740782.45
1,0c:30:21:52:9d:3f,00:00:00:00:00:00,0.0.0.0,10.251.25.171,ff:ff:ff:ff:ff:ff,0c:30:21:52:9d:3f,1460740782.88
1,0c:30:21:52:9d:3f,00:00:00:00:00:00,10.251.25.171,10.251.25.171,ff:ff:ff:ff:ff:ff,0c:30:21:52:9d:3f,1460740783.1
1,0c:30:21:52:9d:3f,00:00:00:00:00:00,10.251.25.171,10.251.25.171,ff:ff:ff:ff:ff:ff,0c:30:21:52:9d:3f,1460740783.52
1,0c:30:21:52:9d:3f,00:00:00:00:00:00,10.251.25.171,10.251.25.171,ff:ff:ff:ff:ff:ff,0c:30:21:52:9d:3f,1460740783.74
1,0c:30:21:52:9d:3f,00:00:00:00:00:00,10.251.25.171,10.251.25.1,ff:ff:ff:ff:ff:ff,0c:30:21:52:9d:3f,1460740783.87
1,0c:30:21:52:9d:3f,00:00:00:00:00:00,10.251.25.171,169.254.255.255,ff:ff:ff:ff:ff:ff,0c:30:21:52:9d:3f,1460740784.09
1,0c:30:21:52:9d:3f,00:00:00:00:00:00,10.251.25.171,10.251.25.1,ff:ff:ff:ff:ff:ff,0c:30:21:52:9d:3f,1460740784.91
1,48:59:29:b1:ba:6d,00:00:00:00:00:00,10.251.25.172,10.251.25.1,ff:ff:ff:ff:ff:ff,48:59:29:b1:ba:6d,1460740813.4
1,54:40:ad:05:97:a1,00:00:00:00:00:00,10.251.25.164,10.251.25.1,ff:ff:ff:ff:ff:ff,54:40:ad:05:97:a1,1460740827.36
1,34:aa:8b:a1:e0:67,00:00:00:00:00:00,10.251.25.176,10.251.25.1,ff:ff:ff:ff:ff:ff,34:aa:8b:a1:e0:67,1460740840.32
1,cc:c3:ea:dd:1a:28,00:00:00:00:00:00,10.251.25.173,10.251.25.1,ff:ff:ff:ff:ff:ff,cc:c3:ea:dd:1a:28,1460740843.47
1,e8:50:8b:fd:b5:67,00:00:00:00:00:00,10.251.25.177,10.251.25.1,ff:ff:ff:ff:ff:ff,e8:50:8b:fd:b5:67,1460740845.33
1,0c:8b:fd:c0:e6:03,00:00:00:00:00:00,10.251.25.93,10.251.25.1,ff:ff:ff:ff:ff:ff,0c:8b:fd:c0:e6:03,1460740906.64
2,ac:f2:c5:bd:b8:28,0c:8b:fd:c0:e6:03,10.251.25.1,10.251.25.93,0c:8b:fd:c0:e6:03,ac:f2:c5:bd:b8:28,1460740906.66
1,bc:44:86:4c:3a:05,00:00:00:00:00:00,10.251.25.160,10.251.25.1,ff:ff:ff:ff:ff:ff,bc:44:86:4c:3a:05,1460740921.12
1,0c:8b:fd:c0:e6:03,00:00:00:00:00:00,10.251.25.93,10.251.25.1,ff:ff:ff:ff:ff:ff,0c:8b:fd:c0:e6:03,1460740967.45
2,ac:f2:c5:bd:b8:28,0c:8b:fd:c0:e6:03,10.251.25.1,10.251.25.93,0c:8b:fd:c0:e6:03,ac:f2:c5:bd:b8:28,1460740967.48
1,30:c7:ae:a8:e0:9c,00:00:00:00:00:00,10.251.25.153,10.251.25.1,ff:ff:ff:ff:ff:ff,30:c7:ae:a8:e0:9c,1460741005.11
1,84:10:0d:72:47:53,00:00:00:00:00:00,10.251.25.147,10.251.25.1,ff:ff:ff:ff:ff:ff,84:10:0d:72:47:53,1460741028.06
1,9c:d9:17:25:ad:64,00:00:00:00:00:00,10.251.25.178,10.251.25.1,ff:ff:ff:ff:ff:ff,9c:d9:17:25:ad:64,1460741057.81
1,30:c7:ae:a8:e0:9c,00:00:00:00:00:00,10.251.25.153,10.251.25.1,ff:ff:ff:ff:ff:ff,30:c7:ae:a8:e0:9c,1460741066.93
1,f4:f1:e1:99:74:a4,00:00:00:00:00:00,10.251.25.179,10.251.25.1,ff:ff:ff:ff:ff:ff,f4:f1:e1:99:74:a4,1460741085.31
1,c8:a8:23:48:3f:45,00:00:00:00:00:00,10.251.25.181,10.251.25.1,ff:ff:ff:ff:ff:ff,c8:a8:23:48:3f:45,1460741103.08
1,d0:59:e4:90:f2:a5,00:00:00:00:00:00,10.251.25.182,10.251.25.1,ff:ff:ff:ff:ff:ff,d0:59:e4:90:f2:a5,1460741136.35
1,30:c7:ae:a8:e0:9c,00:00:00:00:00:00,10.251.25.153,10.251.25.1,ff:ff:ff:ff:ff:ff,30:c7:ae:a8:e0:9c,1460741153.45
1,34:bb:26:e2:9c:8f,00:00:00:00:00:00,10.251.25.183,10.251.25.1,ff:ff:ff:ff:ff:ff,34:bb:26:e2:9c:8f,1460741154.89
1,40:6f:2a:72:dd:8c,ff:ff:ff:ff:ff:ff,10.251.25.146,10.251.25.1,ff:ff:ff:ff:ff:ff,40:6f:2a:72:dd:8c,1460741157.22
1,40:6f:2a:72:dd:8c,ff:ff:ff:ff:ff:ff,10.251.25.146,10.251.25.1,ff:ff:ff:ff:ff:ff,40:6f:2a:72:dd:8c,1460741158.26
1,d0:9d:ab:02:84:d4,00:00:00:00:00:00,10.251.25.184,10.251.25.1,ff:ff:ff:ff:ff:ff,d0:9d:ab:02:84:d4,1460741158.88
1,40:6f:2a:72:dd:8c,ff:ff:ff:ff:ff:ff,10.251.25.146,10.251.25.1,ff:ff:ff:ff:ff:ff,40:6f:2a:72:dd:8c,1460741159.51
1,0c:8b:fd:c0:e6:03,00:00:00:00:00:00,10.251.25.93,10.251.25.1,ff:ff:ff:ff:ff:ff,0c:8b:fd:c0:e6:03,1460741206.69
2,ac:f2:c5:bd:b8:28,0c:8b:fd:c0:e6:03,10.251.25.1,10.251.25.93,0c:8b:fd:c0:e6:03,ac:f2:c5:bd:b8:28,1460741206.72
1,30:c7:ae:a8:e0:9c,00:00:00:00:00:00,10.251.25.153,10.251.25.1,ff:ff:ff:ff:ff:ff,30:c7:ae:a8:e0:9c,1460741221.5
1,bc:e6:3f:c7:62:75,00:00:00:00:00:00,10.251.25.185,10.251.25.1,ff:ff:ff:ff:ff:ff,bc:e6:3f:c7:62:75,1460741236.79
1,f4:f5:a5:bc:07:70,00:00:00:00:00:00,0.0.0.0,169.254.217.152,ff:ff:ff:ff:ff:ff,f4:f5:a5:bc:07:70,1460741268.37
1,f4:f5:a5:bc:07:70,00:00:00:00:00:00,10.251.25.186,10.251.25.1,ff:ff:ff:ff:ff:ff,f4:f5:a5:bc:07:70,1460741269.4
1,f4:f5:a5:bc:07:70,00:00:00:00:00:00,0.0.0.0,10.251.25.186,ff:ff:ff:ff:ff:ff,f4:f5:a5:bc:07:70,1460741269.75
1,f4:f5:a5:bc:07:70,00:00:00:00:00:00,0.0.0.0,10.251.25.186,ff:ff:ff:ff:ff:ff,f4:f5:a5:bc:07:70,1460741270.85
1,f4:f5:a5:bc:07:70,00:00:00:00:00:00,0.0.0.0,10.251.25.186,ff:ff:ff:ff:ff:ff,f4:f5:a5:bc:07:70,1460741271.85
1,f4:f5:a5:bc:07:70,00:00:00:00:00:00,10.251.25.186,10.251.25.186,ff:ff:ff:ff:ff:ff,f4:f5:a5:bc:07:70,1460741272.74
1,78:40:e4:56:1f:0a,00:00:00:00:00:00,10.251.25.187,10.251.25.1,ff:ff:ff:ff:ff:ff,78:40:e4:56:1f:0a,1460741285.9
1,7c:0b:c6:81:09:7c,00:00:00:00:00:00,10.251.25.188,10.251.25.1,ff:ff:ff:ff:ff:ff,7c:0b:c6:81:09:7c,1460741311.73
1,08:ec:a9:22:31:14,00:00:00:00:00:00,10.251.25.190,10.251.25.1,ff:ff:ff:ff:ff:ff,08:ec:a9:22:31:14,1460741355.63
1,0c:8b:fd:c0:e6:03,00:00:00:00:00:00,10.251.25.93,10.251.25.1,ff:ff:ff:ff:ff:ff,0c:8b:fd:c0:e6:03,1460741356.74
2,ac:f2:c5:bd:b8:28,0c:8b:fd:c0:e6:03,10.251.25.1,10.251.25.93,0c:8b:fd:c0:e6:03,ac:f2:c5:bd:b8:28,1460741356.76
1,f8:a9:d0:46:d1:a5,00:00:00:00:00:00,10.251.25.181,10.251.25.1,ff:ff:ff:ff:ff:ff,f8:a9:d0:46:d1:a5,1460741361.48
1,f4:f1:e1:8e:ef:52,00:00:00:00:00:00,10.251.25.194,10.251.25.1,ff:ff:ff:ff:ff:ff,f4:f1:e1:8e:ef:52,1460741442.3
1,88:cb:87:4a:b0:8c,00:00:00:00:00:00,0.0.0.0,10.251.25.196,ff:ff:ff:ff:ff:ff,88:cb:87:4a:b0:8c,1460741473.47
1,88:cb:87:4a:b0:8c,00:00:00:00:00:00,0.0.0.0,10.251.25.196,ff:ff:ff:ff:ff:ff,88:cb:87:4a:b0:8c,1460741473.49
1,88:cb:87:4a:b0:8c,00:00:00:00:00:00,0.0.0.0,10.251.25.196,ff:ff:ff:ff:ff:ff,88:cb:87:4a:b0:8c,1460741473.7
1,88:cb:87:4a:b0:8c,00:00:00:00:00:00,10.251.25.196,10.251.25.196,ff:ff:ff:ff:ff:ff,88:cb:87:4a:b0:8c,1460741473.91
1,88:cb:87:4a:b0:8c,00:00:00:00:00:00,10.251.25.196,10.251.25.196,ff:ff:ff:ff:ff:ff,88:cb:87:4a:b0:8c,1460741474.54
1,88:cb:87:4a:b0:8c,00:00:00:00:00:00,10.251.25.196,169.254.255.255,ff:ff:ff:ff:ff:ff,88:cb:87:4a:b0:8c,1460741474.56
1,88:cb:87:4a:b0:8c,00:00:00:00:00:00,10.251.25.196,10.251.25.1,ff:ff:ff:ff:ff:ff,88:cb:87:4a:b0:8c,1460741474.69
1,ac:5a:14:86:d9:11,00:00:00:00:00:00,10.251.25.198,10.251.25.1,ff:ff:ff:ff:ff:ff,ac:5a:14:86:d9:11,1460741490.0
1,64:6c:b2:22:76:b1,00:00:00:00:00:00,10.251.25.199,10.251.25.1,ff:ff:ff:ff:ff:ff,64:6c:b2:22:76:b1,1460741500.41
1,5c:8d:4e:05:1b:4b,00:00:00:00:00:00,0.0.0.0,10.251.25.200,ff:ff:ff:ff:ff:ff,5c:8d:4e:05:1b:4b,1460741501.65
1,5c:8d:4e:05:1b:4b,00:00:00:00:00:00,0.0.0.0,10.251.25.200,ff:ff:ff:ff:ff:ff,5c:8d:4e:05:1b:4b,1460741502.08
1,5c:8d:4e:05:1b:4b,00:00:00:00:00:00,0.0.0.0,10.251.25.200,ff:ff:ff:ff:ff:ff,5c:8d:4e:05:1b:4b,1460741502.3
1,0c:8b:fd:c0:e6:03,00:00:00:00:00:00,10.251.25.93,10.251.25.1,ff:ff:ff:ff:ff:ff,0c:8b:fd:c0:e6:03,1460741506.75
2,ac:f2:c5:bd:b8:28,0c:8b:fd:c0:e6:03,10.251.25.1,10.251.25.93,0c:8b:fd:c0:e6:03,ac:f2:c5:bd:b8:28,1460741506.77
1,28:27:bf:80:67:8b,00:00:00:00:00:00,10.251.25.202,10.251.25.1,ff:ff:ff:ff:ff:ff,28:27:bf:80:67:8b,1460741509.55
1,0c:8b:fd:c0:e6:03,00:00:00:00:00:00,10.251.25.93,10.251.25.1,ff:ff:ff:ff:ff:ff,0c:8b:fd:c0:e6:03,1460741656.78
2,ac:f2:c5:bd:b8:28,0c:8b:fd:c0:e6:03,10.251.25.1,10.251.25.93,0c:8b:fd:c0:e6:03,ac:f2:c5:bd:b8:28,1460741656.81
1,84:55:a5:00:a7:f6,00:00:00:00:00:00,10.251.25.203,10.251.25.1,ff:ff:ff:ff:ff:ff,84:55:a5:00:a7:f6,1460741663.33
1,34:4d:f7:13:7b:e0,00:00:00:00:00:00,10.251.25.213,10.251.25.1,ff:ff:ff:ff:ff:ff,34:4d:f7:13:7b:e0,1460741686.31
1,a4:70:d6:01:a3:53,00:00:00:00:00:00,100.66.105.58,10.251.25.1,ff:ff:ff:ff:ff:ff,a4:70:d6:01:a3:53,1460741686.54
1,a4:70:d6:01:a3:53,00:00:00:00:00:00,10.251.25.197,10.251.25.1,ff:ff:ff:ff:ff:ff,a4:70:d6:01:a3:53,1460741687.35
1,9c:d9:17:25:ad:64,00:00:00:00:00:00,10.251.25.178,10.251.25.1,ff:ff:ff:ff:ff:ff,9c:d9:17:25:ad:64,1460741712.6
1,f4:f5:a5:bc:07:70,00:00:00:00:00:00,10.251.25.186,10.251.25.1,ff:ff:ff:ff:ff:ff,f4:f5:a5:bc:07:70,1460741720.16
1,34:4d:f7:13:7b:e0,00:00:00:00:00:00,10.251.25.204,10.251.25.1,ff:ff:ff:ff:ff:ff,34:4d:f7:13:7b:e0,1460741755.32
1,5c:8d:4e:05:1b:4b,00:00:00:00:00:00,0.0.0.0,10.251.25.200,ff:ff:ff:ff:ff:ff,5c:8d:4e:05:1b:4b,1460741779.1
1,5c:8d:4e:05:1b:4b,00:00:00:00:00:00,0.0.0.0,10.251.25.200,ff:ff:ff:ff:ff:ff,5c:8d:4e:05:1b:4b,1460741779.53
1,5c:8d:4e:05:1b:4b,00:00:00:00:00:00,0.0.0.0,10.251.25.200,ff:ff:ff:ff:ff:ff,5c:8d:4e:05:1b:4b,1460741779.95
1,5c:8d:4e:05:1b:4b,00:00:00:00:00:00,10.251.25.200,10.251.25.200,ff:ff:ff:ff:ff:ff,5c:8d:4e:05:1b:4b,1460741779.97
1,5c:8d:4e:05:1b:4b,00:00:00:00:00:00,10.251.25.200,10.251.25.200,ff:ff:ff:ff:ff:ff,5c:8d:4e:05:1b:4b,1460741780.09
1,5c:8d:4e:05:1b:4b,00:00:00:00:00:00,10.251.25.200,10.251.25.200,ff:ff:ff:ff:ff:ff,5c:8d:4e:05:1b:4b,1460741780.51
1,5c:8d:4e:05:1b:4b,00:00:00:00:00:00,10.251.25.200,10.251.25.1,ff:ff:ff:ff:ff:ff,5c:8d:4e:05:1b:4b,1460741780.54
1,5c:8d:4e:05:1b:4b,00:00:00:00:00:00,10.251.25.200,10.251.25.1,ff:ff:ff:ff:ff:ff,5c:8d:4e:05:1b:4b,1460741780.76
1,00:03:ab:6d:d5:6c,00:00:00:00:00:00,10.251.25.207,10.251.25.1,ff:ff:ff:ff:ff:ff,00:03:ab:6d:d5:6c,1460741789.93
1,0c:8b:fd:c0:e6:03,00:00:00:00:00:00,10.251.25.93,10.251.25.1,ff:ff:ff:ff:ff:ff,0c:8b:fd:c0:e6:03,1460741806.8
2,ac:f2:c5:bd:b8:28,0c:8b:fd:c0:e6:03,10.251.25.1,10.251.25.93,0c:8b:fd:c0:e6:03,ac:f2:c5:bd:b8:28,1460741806.91
1,c8:a8:23:48:3f:45,00:00:00:00:00:00,10.251.25.208,10.251.25.1,ff:ff:ff:ff:ff:ff,c8:a8:23:48:3f:45,1460741837.6
1,e8:50:8b:b2:34:25,00:00:00:00:00:00,10.251.25.209,10.251.25.1,ff:ff:ff:ff:ff:ff,e8:50:8b:b2:34:25,1460741845.46
1,10:3b:59:35:07:e9,00:00:00:00:00:00,10.251.25.210,10.251.25.1,ff:ff:ff:ff:ff:ff,10:3b:59:35:07:e9,1460741851.13
1,f4:f5:a5:bc:07:70,00:00:00:00:00:00,10.251.25.186,10.251.25.1,ff:ff:ff:ff:ff:ff,f4:f5:a5:bc:07:70,1460741870.38
1,cc:fa:00:ee:c4:41,00:00:00:00:00:00,10.251.25.211,10.251.25.1,ff:ff:ff:ff:ff:ff,cc:fa:00:ee:c4:41,1460741876.25
1,14:30:c6:02:19:8c,00:00:00:00:00:00,10.251.25.42,10.251.25.1,ff:ff:ff:ff:ff:ff,14:30:c6:02:19:8c,1460741879.59
1,70:f9:27:ca:48:0d,00:00:00:00:00:00,10.251.25.213,10.251.25.1,ff:ff:ff:ff:ff:ff,70:f9:27:ca:48:0d,1460741946.0
1,0c:8b:fd:c0:e6:03,00:00:00:00:00:00,10.251.25.93,10.251.25.1,ff:ff:ff:ff:ff:ff,0c:8b:fd:c0:e6:03,1460741956.84
2,ac:f2:c5:bd:b8:28,0c:8b:fd:c0:e6:03,10.251.25.1,10.251.25.93,0c:8b:fd:c0:e6:03,ac:f2:c5:bd:b8:28,1460741956.86
1,6c:8d:c1:e3:0b:42,00:00:00:00:00:00,0.0.0.0,10.251.25.214,ff:ff:ff:ff:ff:ff,6c:8d:c1:e3:0b:42,1460741984.39
1,6c:8d:c1:e3:0b:42,00:00:00:00:00:00,0.0.0.0,10.251.25.214,ff:ff:ff:ff:ff:ff,6c:8d:c1:e3:0b:42,1460741984.61
1,6c:8d:c1:e3:0b:42,00:00:00:00:00:00,0.0.0.0,10.251.25.214,ff:ff:ff:ff:ff:ff,6c:8d:c1:e3:0b:42,1460741984.83
1,6c:8d:c1:e3:0b:42,00:00:00:00:00:00,10.251.25.214,10.251.25.214,ff:ff:ff:ff:ff:ff,6c:8d:c1:e3:0b:42,1460741985.86
1,6c:8d:c1:e3:0b:42,00:00:00:00:00:00,10.251.25.214,10.251.25.214,ff:ff:ff:ff:ff:ff,6c:8d:c1:e3:0b:42,1460741986.08
1,6c:8d:c1:e3:0b:42,00:00:00:00:00:00,10.251.25.214,10.251.25.1,ff:ff:ff:ff:ff:ff,6c:8d:c1:e3:0b:42,1460741986.3
1,6c:8d:c1:e3:0b:42,00:00:00:00:00:00,10.251.25.214,169.254.255.255,ff:ff:ff:ff:ff:ff,6c:8d:c1:e3:0b:42,1460741986.53
1,6c:8d:c1:e3:0b:42,00:00:00:00:00:00,10.251.25.214,10.251.25.1,ff:ff:ff:ff:ff:ff,6c:8d:c1:e3:0b:42,1460741986.55
1,24:db:ed:b8:06:aa,00:00:00:00:00:00,10.251.25.217,10.251.25.1,ff:ff:ff:ff:ff:ff,24:db:ed:b8:06:aa,1460741997.4
1,24:db:ed:b8:06:aa,00:00:00:00:00:00,10.251.25.217,10.251.25.1,ff:ff:ff:ff:ff:ff,24:db:ed:b8:06:aa,1460742014.25
1,5c:51:88:85:60:31,00:00:00:00:00:00,10.251.25.212,10.251.25.1,ff:ff:ff:ff:ff:ff,5c:51:88:85:60:31,1460742014.67
1,f4:f5:a5:bc:07:70,00:00:00:00:00:00,10.251.25.186,10.251.25.1,ff:ff:ff:ff:ff:ff,f4:f5:a5:bc:07:70,1460742020.51
1,f4:f5:a5:bc:07:70,00:00:00:00:00:00,0.0.0.0,10.251.25.186,ff:ff:ff:ff:ff:ff,f4:f5:a5:bc:07:70,1460742027.84
1,f4:f5:a5:bc:07:70,00:00:00:00:00:00,0.0.0.0,10.251.25.186,ff:ff:ff:ff:ff:ff,f4:f5:a5:bc:07:70,1460742028.68
1,24:db:ed:b8:06:aa,00:00:00:00:00:00,10.251.25.217,10.251.25.1,ff:ff:ff:ff:ff:ff,24:db:ed:b8:06:aa,1460742074.82
1,1c:56:fe:22:fd:14,00:00:00:00:00:00,10.251.25.218,10.251.25.1,ff:ff:ff:ff:ff:ff,1c:56:fe:22:fd:14,1460742081.81
1,a8:9f:ba:12:5e:fc,00:00:00:00:00:00,10.251.25.219,10.251.25.1,ff:ff:ff:ff:ff:ff,a8:9f:ba:12:5e:fc,1460742084.24
1,0c:8b:fd:c0:e6:03,00:00:00:00:00:00,10.251.25.93,10.251.25.1,ff:ff:ff:ff:ff:ff,0c:8b:fd:c0:e6:03,1460742106.9
2,ac:f2:c5:bd:b8:28,0c:8b:fd:c0:e6:03,10.251.25.1,10.251.25.93,0c:8b:fd:c0:e6:03,ac:f2:c5:bd:b8:28,1460742106.92
1,b0:e0:3c:57:d9:ab,00:00:00:00:00:00,10.251.25.222,10.251.25.1,ff:ff:ff:ff:ff:ff,b0:e0:3c:57:d9:ab,1460742120.22
1,7c:0b:c6:20:c9:85,00:00:00:00:00:00,10.251.25.220,10.251.25.1,ff:ff:ff:ff:ff:ff,7c:0b:c6:20:c9:85,1460742122.27
1,b0:5b:67:85:d6:92,00:00:00:00:00:00,10.251.25.223,10.251.25.1,ff:ff:ff:ff:ff:ff,b0:5b:67:85:d6:92,1460742147.76
1,ec:88:92:dc:81:c6,00:00:00:00:00:00,10.251.25.226,10.251.25.1,ff:ff:ff:ff:ff:ff,ec:88:92:dc:81:c6,1460742150.02
1,14:32:d1:f4:18:90,00:00:00:00:00:00,10.251.25.225,10.251.25.1,ff:ff:ff:ff:ff:ff,14:32:d1:f4:18:90,1460742151.78
1,f4:f5:a5:bc:07:70,00:00:00:00:00:00,10.251.25.186,10.251.25.1,ff:ff:ff:ff:ff:ff,f4:f5:a5:bc:07:70,1460742179.54
1,0c:8b:fd:c0:e6:03,00:00:00:00:00:00,10.251.25.93,10.251.25.1,ff:ff:ff:ff:ff:ff,0c:8b:fd:c0:e6:03,1460742206.61
2,ac:f2:c5:bd:b8:28,0c:8b:fd:c0:e6:03,10.251.25.1,10.251.25.93,0c:8b:fd:c0:e6:03,ac:f2:c5:bd:b8:28,1460742206.63
1,e0:75:7d:fa:ec:f0,00:00:00:00:00:00,10.251.25.227,10.251.25.1,ff:ff:ff:ff:ff:ff,e0:75:7d:fa:ec:f0,1460742211.43
1,e8:b4:c8:4b:78:44,00:00:00:00:00:00,10.251.25.228,10.251.25.1,ff:ff:ff:ff:ff:ff,e8:b4:c8:4b:78:44,1460742243.89
1,0c:8b:fd:c0:e6:03,ac:f2:c5:bd:b8:28,10.251.25.93,10.251.25.1,ac:f2:c5:bd:b8:28,0c:8b:fd:c0:e6:03,1460742261.73
2,ac:f2:c5:bd:b8:28,0c:8b:fd:c0:e6:03,10.251.25.1,10.251.25.93,0c:8b:fd:c0:e6:03,ac:f2:c5:bd:b8:28,1460742261.74
1,f4:31:c3:1b:17:d9,00:00:00:00:00:00,0.0.0.0,10.251.25.229,ff:ff:ff:ff:ff:ff,f4:31:c3:1b:17:d9,1460742263.07
1,f4:31:c3:1b:17:d9,00:00:00:00:00:00,0.0.0.0,10.251.25.229,ff:ff:ff:ff:ff:ff,f4:31:c3:1b:17:d9,1460742263.29
1,b0:c5:59:a0:7f:8c,00:00:00:00:00:00,10.251.25.230,10.251.25.1,ff:ff:ff:ff:ff:ff,b0:c5:59:a0:7f:8c,1460742294.37
1,c4:9a:02:7c:fd:19,00:00:00:00:00:00,10.251.25.231,10.251.25.1,ff:ff:ff:ff:ff:ff,c4:9a:02:7c:fd:19,1460742316.57
1,c4:9a:02:7c:fd:19,00:00:00:00:00:00,10.251.25.231,10.251.25.1,ff:ff:ff:ff:ff:ff,c4:9a:02:7c:fd:19,1460742317.59
1,20:a9:9b:97:ca:fc,00:00:00:00:00:00,0.0.0.0,169.254.246.53,ff:ff:ff:ff:ff:ff,20:a9:9b:97:ca:fc,1460742328.03
1,20:a9:9b:97:ca:fc,00:00:00:00:00:00,0.0.0.0,169.254.246.53,ff:ff:ff:ff:ff:ff,20:a9:9b:97:ca:fc,1460742328.86
1,20:a9:9b:97:ca:fc,00:00:00:00:00:00,0.0.0.0,169.254.246.53,ff:ff:ff:ff:ff:ff,20:a9:9b:97:ca:fc,1460742329.92
1,6c:8d:c1:e3:0b:42,00:00:00:00:00:00,0.0.0.0,10.251.25.214,ff:ff:ff:ff:ff:ff,6c:8d:c1:e3:0b:42,1460742345.22
1,6c:8d:c1:e3:0b:42,00:00:00:00:00:00,0.0.0.0,10.251.25.214,ff:ff:ff:ff:ff:ff,6c:8d:c1:e3:0b:42,1460742345.64
1,6c:8d:c1:e3:0b:42,00:00:00:00:00:00,10.251.25.214,10.251.25.214,ff:ff:ff:ff:ff:ff,6c:8d:c1:e3:0b:42,1460742346.26
1,6c:8d:c1:e3:0b:42,00:00:00:00:00:00,10.251.25.214,10.251.25.214,ff:ff:ff:ff:ff:ff,6c:8d:c1:e3:0b:42,1460742346.38
1,6c:8d:c1:e3:0b:42,00:00:00:00:00:00,10.251.25.214,10.251.25.214,ff:ff:ff:ff:ff:ff,6c:8d:c1:e3:0b:42,1460742346.61
1,6c:8d:c1:e3:0b:42,00:00:00:00:00:00,10.251.25.214,10.251.25.1,ff:ff:ff:ff:ff:ff,6c:8d:c1:e3:0b:42,1460742346.83
1,6c:8d:c1:e3:0b:42,00:00:00:00:00:00,10.251.25.214,169.254.255.255,ff:ff:ff:ff:ff:ff,6c:8d:c1:e3:0b:42,1460742346.85
1,6c:8d:c1:e3:0b:42,00:00:00:00:00:00,10.251.25.214,10.251.25.1,ff:ff:ff:ff:ff:ff,6c:8d:c1:e3:0b:42,1460742346.86
1,00:cd:fe:7e:9c:b1,00:00:00:00:00:00,0.0.0.0,10.251.25.233,ff:ff:ff:ff:ff:ff,00:cd:fe:7e:9c:b1,1460742353.56
1,00:cd:fe:7e:9c:b1,00:00:00:00:00:00,0.0.0.0,10.251.25.233,ff:ff:ff:ff:ff:ff,00:cd:fe:7e:9c:b1,1460742353.98
1,00:cd:fe:7e:9c:b1,00:00:00:00:00:00,0.0.0.0,10.251.25.233,ff:ff:ff:ff:ff:ff,00:cd:fe:7e:9c:b1,1460742354.2
1,00:cd:fe:7e:9c:b1,00:00:00:00:00:00,10.251.25.233,10.251.25.233,ff:ff:ff:ff:ff:ff,00:cd:fe:7e:9c:b1,1460742354.32
1,00:cd:fe:7e:9c:b1,00:00:00:00:00:00,10.251.25.233,10.251.25.233,ff:ff:ff:ff:ff:ff,00:cd:fe:7e:9c:b1,1460742354.74
1,00:cd:fe:7e:9c:b1,00:00:00:00:00:00,10.251.25.233,10.251.25.233,ff:ff:ff:ff:ff:ff,00:cd:fe:7e:9c:b1,1460742355.17
1,00:cd:fe:7e:9c:b1,00:00:00:00:00:00,10.251.25.233,10.251.25.1,ff:ff:ff:ff:ff:ff,00:cd:fe:7e:9c:b1,1460742355.39
1,00:cd:fe:7e:9c:b1,00:00:00:00:00:00,10.251.25.233,169.254.255.255,ff:ff:ff:ff:ff:ff,00:cd:fe:7e:9c:b1,1460742355.42
1,00:cd:fe:7e:9c:b1,00:00:00:00:00:00,10.251.25.233,10.251.25.1,ff:ff:ff:ff:ff:ff,00:cd:fe:7e:9c:b1,1460742355.44
1,04:a8:2a:df:8b:2f,00:00:00:00:00:00,0.0.0.0,10.251.25.235,ff:ff:ff:ff:ff:ff,04:a8:2a:df:8b:2f,1460742364.23
1,cc:fe:3c:9f:24:ee,00:00:00:00:00:00,10.251.25.234,10.251.25.1,ff:ff:ff:ff:ff:ff,cc:fe:3c:9f:24:ee,1460742364.76
1,40:6f:2a:72:dd:8c,ff:ff:ff:ff:ff:ff,10.251.25.146,10.251.25.1,ff:ff:ff:ff:ff:ff,40:6f:2a:72:dd:8c,1460742365.4
1,40:f3:08:59:16:29,00:00:00:00:00:00,10.251.25.236,10.251.25.1,ff:ff:ff:ff:ff:ff,40:f3:08:59:16:29,1460742367.34
1,6c:8d:c1:e3:0b:42,00:00:00:00:00:00,10.251.25.214,10.251.25.1,ff:ff:ff:ff:ff:ff,6c:8d:c1:e3:0b:42,1460742368.37
1,20:a9:9b:97:ca:fc,00:00:00:00:00:00,0.0.0.0,169.254.246.53,ff:ff:ff:ff:ff:ff,20:a9:9b:97:ca:fc,1460742379.45
1,20:a9:9b:97:ca:fc,00:00:00:00:00:00,0.0.0.0,10.251.25.232,ff:ff:ff:ff:ff:ff,20:a9:9b:97:ca:fc,1460742381.32
1,0c:8b:fd:c0:e6:03,00:00:00:00:00:00,10.251.25.93,10.251.25.1,ff:ff:ff:ff:ff:ff,0c:8b:fd:c0:e6:03,1460742406.97
2,ac:f2:c5:bd:b8:28,0c:8b:fd:c0:e6:03,10.251.25.1,10.251.25.93,0c:8b:fd:c0:e6:03,ac:f2:c5:bd:b8:28,1460742406.99
1,b0:5b:67:85:d6:92,00:00:00:00:00:00,10.251.25.223,10.251.25.1,ff:ff:ff:ff:ff:ff,b0:5b:67:85:d6:92,1460742408.49
1,ec:88:92:dc:81:c6,00:00:00:00:00:00,10.251.25.226,10.251.25.1,ff:ff:ff:ff:ff:ff,ec:88:92:dc:81:c6,1460742408.73
1,6c:8d:c1:e3:0b:42,00:00:00:00:00:00,10.251.25.214,10.251.25.1,ff:ff:ff:ff:ff:ff,6c:8d:c1:e3:0b:42,1460742413.95
1,a4:b8:05:da:f3:da,00:00:00:00:00:00,0.0.0.0,10.251.25.237,ff:ff:ff:ff:ff:ff,a4:b8:05:da:f3:da,1460742417.65
1,a4:b8:05:da:f3:da,00:00:00:00:00:00,0.0.0.0,10.251.25.237,ff:ff:ff:ff:ff:ff,a4:b8:05:da:f3:da,1460742418.16
1,a4:b8:05:da:f3:da,00:00:00:00:00:00,0.0.0.0,10.251.25.237,ff:ff:ff:ff:ff:ff,a4:b8:05:da:f3:da,1460742418.25
1,a4:b8:05:da:f3:da,00:00:00:00:00:00,10.251.25.237,10.251.25.237,ff:ff:ff:ff:ff:ff,a4:b8:05:da:f3:da,1460742418.78
1,a4:b8:05:da:f3:da,00:00:00:00:00:00,10.251.25.237,10.251.25.237,ff:ff:ff:ff:ff:ff,a4:b8:05:da:f3:da,1460742419.44
1,a4:b8:05:da:f3:da,00:00:00:00:00:00,10.251.25.237,10.251.25.237,ff:ff:ff:ff:ff:ff,a4:b8:05:da:f3:da,1460742419.65
1,a4:b8:05:da:f3:da,00:00:00:00:00:00,10.251.25.237,10.251.25.1,ff:ff:ff:ff:ff:ff,a4:b8:05:da:f3:da,1460742419.66
1,a4:b8:05:da:f3:da,00:00:00:00:00:00,10.251.25.237,169.254.255.255,ff:ff:ff:ff:ff:ff,a4:b8:05:da:f3:da,1460742419.67
1,a4:b8:05:da:f3:da,00:00:00:00:00:00,10.251.25.237,10.251.25.1,ff:ff:ff:ff:ff:ff,a4:b8:05:da:f3:da,1460742419.68
1,6c:8d:c1:e3:0b:42,00:00:00:00:00:00,10.251.25.214,10.251.25.1,ff:ff:ff:ff:ff:ff,6c:8d:c1:e3:0b:42,1460742436.92
1,f0:72:8c:b4:22:62,00:00:00:00:00:00,10.251.25.238,10.251.25.1,ff:ff:ff:ff:ff:ff,f0:72:8c:b4:22:62,1460742452.29
1,58:a2:b5:c6:5d:dc,00:00:00:00:00:00,10.251.25.239,10.251.25.1,ff:ff:ff:ff:ff:ff,58:a2:b5:c6:5d:dc,1460742462.96
1,f4:f5:a5:bc:07:70,00:00:00:00:00:00,10.251.25.186,10.251.25.1,ff:ff:ff:ff:ff:ff,f4:f5:a5:bc:07:70,1460742467.79
1,f4:f5:a5:bc:07:70,00:00:00:00:00:00,10.251.25.186,10.251.25.1,ff:ff:ff:ff:ff:ff,f4:f5:a5:bc:07:70,1460742468.02
1,f4:f5:a5:bc:07:70,00:00:00:00:00:00,10.251.25.186,10.251.25.1,ff:ff:ff:ff:ff:ff,f4:f5:a5:bc:07:70,1460742468.22
1,6c:8d:c1:e3:0b:42,00:00:00:00:00:00,10.251.25.214,10.251.25.1,ff:ff:ff:ff:ff:ff,6c:8d:c1:e3:0b:42,1460742472.15
1,f4:f5:a5:bc:07:70,00:00:00:00:00:00,10.251.25.186,10.251.25.1,ff:ff:ff:ff:ff:ff,f4:f5:a5:bc:07:70,1460742491.8
1,f4:f5:a5:bc:07:70,00:00:00:00:00:00,10.251.25.186,10.251.25.1,ff:ff:ff:ff:ff:ff,f4:f5:a5:bc:07:70,1460742491.83
1,f4:f5:a5:bc:07:70,00:00:00:00:00:00,10.251.25.186,10.251.25.1,ff:ff:ff:ff:ff:ff,f4:f5:a5:bc:07:70,1460742491.84
1,f4:f5:a5:bc:07:70,00:00:00:00:00:00,10.251.25.186,10.251.25.1,ff:ff:ff:ff:ff:ff,f4:f5:a5:bc:07:70,1460742491.86
1,f4:f5:a5:bc:07:70,00:00:00:00:00:00,0.0.0.0,10.251.25.186,ff:ff:ff:ff:ff:ff,f4:f5:a5:bc:07:70,1460742492.26
1,f4:f5:a5:bc:07:70,00:00:00:00:00:00,10.251.25.186,10.251.25.186,ff:ff:ff:ff:ff:ff,f4:f5:a5:bc:07:70,1460742494.9
1,58:a2:b5:c7:60:70,00:00:00:00:00:00,10.251.25.243,10.251.25.1,ff:ff:ff:ff:ff:ff,58:a2:b5:c7:60:70,1460742538.99
1,0c:8b:fd:c0:e6:03,00:00:00:00:00:00,10.251.25.93,10.251.25.1,ff:ff:ff:ff:ff:ff,0c:8b:fd:c0:e6:03,1460742556.99
2,ac:f2:c5:bd:b8:28,0c:8b:fd:c0:e6:03,10.251.25.1,10.251.25.93,0c:8b:fd:c0:e6:03,ac:f2:c5:bd:b8:28,1460742557.02
1,98:52:b1:f7:60:1d,00:00:00:00:00:00,10.251.25.244,10.251.25.1,ff:ff:ff:ff:ff:ff,98:52:b1:f7:60:1d,1460742596.01
1,70:ec:e4:ba:24:61,00:00:00:00:00:00,0.0.0.0,10.251.25.247,ff:ff:ff:ff:ff:ff,70:ec:e4:ba:24:61,1460742633.84
1,70:ec:e4:ba:24:61,00:00:00:00:00:00,10.251.25.247,10.251.25.247,ff:ff:ff:ff:ff:ff,70:ec:e4:ba:24:61,1460742634.51
1,70:ec:e4:ba:24:61,00:00:00:00:00:00,10.251.25.247,10.251.25.247,ff:ff:ff:ff:ff:ff,70:ec:e4:ba:24:61,1460742635.07
1,70:ec:e4:ba:24:61,00:00:00:00:00:00,10.251.25.247,10.251.25.1,ff:ff:ff:ff:ff:ff,70:ec:e4:ba:24:61,1460742635.09
1,70:ec:e4:ba:24:61,00:00:00:00:00:00,10.251.25.247,10.251.25.1,ff:ff:ff:ff:ff:ff,70:ec:e4:ba:24:61,1460742636.34
1,9c:f3:87:59:01:ad,00:00:00:00:00:00,0.0.0.0,10.251.25.249,ff:ff:ff:ff:ff:ff,9c:f3:87:59:01:ad,1460742668.94
1,9c:f3:87:59:01:ad,00:00:00:00:00:00,0.0.0.0,10.251.25.249,ff:ff:ff:ff:ff:ff,9c:f3:87:59:01:ad,1460742669.17
1,9c:f3:87:59:01:ad,00:00:00:00:00:00,0.0.0.0,10.251.25.249,ff:ff:ff:ff:ff:ff,9c:f3:87:59:01:ad,1460742669.41
1,9c:f3:87:59:01:ad,00:00:00:00:00:00,10.251.25.249,10.251.25.249,ff:ff:ff:ff:ff:ff,9c:f3:87:59:01:ad,1460742669.75
1,9c:f3:87:59:01:ad,00:00:00:00:00:00,10.251.25.249,10.251.25.249,ff:ff:ff:ff:ff:ff,9c:f3:87:59:01:ad,1460742669.98
1,9c:f3:87:59:01:ad,00:00:00:00:00:00,10.251.25.249,10.251.25.249,ff:ff:ff:ff:ff:ff,9c:f3:87:59:01:ad,1460742670.44
1,9c:f3:87:59:01:ad,00:00:00:00:00:00,10.251.25.249,10.251.25.1,ff:ff:ff:ff:ff:ff,9c:f3:87:59:01:ad,1460742670.67
1,9c:f3:87:59:01:ad,00:00:00:00:00:00,10.251.25.249,169.254.255.255,ff:ff:ff:ff:ff:ff,9c:f3:87:59:01:ad,1460742670.89
1,9c:f3:87:59:01:ad,00:00:00:00:00:00,10.251.25.249,10.251.25.1,ff:ff:ff:ff:ff:ff,9c:f3:87:59:01:ad,1460742671.23
1,0c:8b:fd:c0:e6:03,00:00:00:00:00:00,10.251.25.93,10.251.25.1,ff:ff:ff:ff:ff:ff,0c:8b:fd:c0:e6:03,1460742679.78
2,ac:f2:c5:bd:b8:28,0c:8b:fd:c0:e6:03,10.251.25.1,10.251.25.93,0c:8b:fd:c0:e6:03,ac:f2:c5:bd:b8:28,1460742679.8
1,70:3e:ac:21:70:00,00:00:00:00:00:00,0.0.0.0,10.251.25.250,ff:ff:ff:ff:ff:ff,70:3e:ac:21:70:00,1460742692.36
1,70:3e:ac:21:70:00,00:00:00:00:00:00,0.0.0.0,10.251.25.250,ff:ff:ff:ff:ff:ff,70:3e:ac:21:70:00,1460742692.6
1,c8:aa:21:83:11:d4,00:00:00:00:00:00,10.251.25.252,10.251.25.1,ff:ff:ff:ff:ff:ff,c8:aa:21:83:11:d4,1460742699.23
1,c8:aa:21:83:11:d4,00:00:00:00:00:00,10.251.25.252,10.251.25.1,ff:ff:ff:ff:ff:ff,c8:aa:21:83:11:d4,1460742700.24
1,08:ec:a9:22:31:14,00:00:00:00:00:00,10.251.25.254,10.251.25.1,ff:ff:ff:ff:ff:ff,08:ec:a9:22:31:14,1460742704.68
1,f0:27:65:18:e8:a0,00:00:00:00:00:00,10.251.25.3,10.251.25.1,ff:ff:ff:ff:ff:ff,f0:27:65:18:e8:a0,1460742755.64
1,0c:8b:fd:c0:e6:03,ac:f2:c5:bd:b8:28,10.251.25.93,10.251.25.1,ac:f2:c5:bd:b8:28,0c:8b:fd:c0:e6:03,1460742803.76
2,ac:f2:c5:bd:b8:28,0c:8b:fd:c0:e6:03,10.251.25.1,10.251.25.93,0c:8b:fd:c0:e6:03,ac:f2:c5:bd:b8:28,1460742803.77
1,e8:50:8b:cd:06:81,00:00:00:00:00:00,10.251.25.163,10.251.25.1,ff:ff:ff:ff:ff:ff,e8:50:8b:cd:06:81,1460742819.57
