1,4c:7c:5f:09:82:9b,00:00:00:00:00:00,0.0.0.0,10.251.25.5,ff:ff:ff:ff:ff:ff,4c:7c:5f:09:82:9b,1460496721.51
1,4c:7c:5f:09:82:9b,00:00:00:00:00:00,0.0.0.0,10.251.25.5,ff:ff:ff:ff:ff:ff,4c:7c:5f:09:82:9b,1460496721.62
1,4c:7c:5f:09:82:9b,00:00:00:00:00:00,0.0.0.0,10.251.25.5,ff:ff:ff:ff:ff:ff,4c:7c:5f:09:82:9b,1460496722.06
1,4c:7c:5f:09:82:9b,00:00:00:00:00:00,10.251.25.5,10.251.25.5,ff:ff:ff:ff:ff:ff,4c:7c:5f:09:82:9b,1460496722.28
1,4c:7c:5f:09:82:9b,00:00:00:00:00:00,10.251.25.5,10.251.25.5,ff:ff:ff:ff:ff:ff,4c:7c:5f:09:82:9b,1460496722.71
1,4c:7c:5f:09:82:9b,00:00:00:00:00:00,10.251.25.5,10.251.25.5,ff:ff:ff:ff:ff:ff,4c:7c:5f:09:82:9b,1460496723.17
1,4c:7c:5f:09:82:9b,00:00:00:00:00:00,10.251.25.5,10.251.25.1,ff:ff:ff:ff:ff:ff,4c:7c:5f:09:82:9b,1460496723.71
1,0c:8b:fd:c0:e6:03,00:00:00:00:00:00,10.251.25.112,10.251.25.0,ff:ff:ff:ff:ff:ff,0c:8b:fd:c0:e6:03,1460496729.27
1,0c:8b:fd:c0:e6:03,00:00:00:00:00:00,10.251.25.112,10.251.25.0,ff:ff:ff:ff:ff:ff,0c:8b:fd:c0:e6:03,1460496871.79
1,4c:7c:5f:09:82:9b,00:00:00:00:00:00,10.251.25.5,10.251.25.1,ff:ff:ff:ff:ff:ff,4c:7c:5f:09:82:9b,1460496874.55
1,e4:90:7e:3a:6a:22,00:00:00:00:00:00,10.251.25.7,10.251.25.1,ff:ff:ff:ff:ff:ff,e4:90:7e:3a:6a:22,1460496879.19
1,bc:4c:c4:06:17:16,00:00:00:00:00:00,10.251.25.247,10.251.25.247,ff:ff:ff:ff:ff:ff,bc:4c:c4:06:17:16,1460496881.88
1,bc:4c:c4:06:17:16,00:00:00:00:00:00,10.251.25.247,10.251.25.1,ff:ff:ff:ff:ff:ff,bc:4c:c4:06:17:16,1460496881.89
1,bc:4c:c4:06:17:16,00:00:00:00:00:00,10.251.25.247,169.254.255.255,ff:ff:ff:ff:ff:ff,bc:4c:c4:06:17:16,1460496881.92
1,bc:4c:c4:06:17:16,00:00:00:00:00:00,10.251.25.247,10.251.25.1,ff:ff:ff:ff:ff:ff,bc:4c:c4:06:17:16,1460496882.05
1,34:4d:f7:14:f4:6e,00:00:00:00:00:00,10.251.25.8,10.251.25.1,ff:ff:ff:ff:ff:ff,34:4d:f7:14:f4:6e,1460496900.31
1,f4:f5:a5:bc:07:70,00:00:00:00:00:00,0.0.0.0,169.254.217.152,ff:ff:ff:ff:ff:ff,f4:f5:a5:bc:07:70,1460496901.52
1,f4:f5:a5:bc:07:70,00:00:00:00:00:00,0.0.0.0,169.254.217.152,ff:ff:ff:ff:ff:ff,f4:f5:a5:bc:07:70,1460496902.81
1,f4:f5:a5:bc:07:70,00:00:00:00:00:00,10.251.25.9,10.251.25.1,ff:ff:ff:ff:ff:ff,f4:f5:a5:bc:07:70,1460496902.95
1,f4:f5:a5:bc:07:70,00:00:00:00:00:00,0.0.0.0,10.251.25.9,ff:ff:ff:ff:ff:ff,f4:f5:a5:bc:07:70,1460496903.2
1,f4:f5:a5:bc:07:70,00:00:00:00:00:00,0.0.0.0,10.251.25.9,ff:ff:ff:ff:ff:ff,f4:f5:a5:bc:07:70,1460496904.29
1,f4:f5:a5:bc:07:70,00:00:00:00:00:00,10.251.25.9,10.251.25.9,ff:ff:ff:ff:ff:ff,f4:f5:a5:bc:07:70,1460496906.28
1,f4:1b:a1:60:76:1d,00:00:00:00:00:00,0.0.0.0,10.251.25.11,ff:ff:ff:ff:ff:ff,f4:1b:a1:60:76:1d,1460496916.96
1,f4:1b:a1:60:76:1d,00:00:00:00:00:00,0.0.0.0,10.251.25.11,ff:ff:ff:ff:ff:ff,f4:1b:a1:60:76:1d,1460496917.43
1,f4:1b:a1:60:76:1d,00:00:00:00:00:00,0.0.0.0,10.251.25.11,ff:ff:ff:ff:ff:ff,f4:1b:a1:60:76:1d,1460496917.56
1,f4:1b:a1:60:76:1d,00:00:00:00:00:00,10.251.25.11,10.251.25.11,ff:ff:ff:ff:ff:ff,f4:1b:a1:60:76:1d,1460496918.01
1,0c:8b:fd:c0:e6:03,ac:f2:c5:bd:b8:28,10.251.25.112,10.251.25.1,ac:f2:c5:bd:b8:28,0c:8b:fd:c0:e6:03,1460496934.22
2,ac:f2:c5:bd:b8:28,0c:8b:fd:c0:e6:03,10.251.25.1,10.251.25.112,0c:8b:fd:c0:e6:03,ac:f2:c5:bd:b8:28,1460496934.34
1,4c:7c:5f:09:82:9b,00:00:00:00:00:00,10.251.25.5,10.251.25.5,ff:ff:ff:ff:ff:ff,4c:7c:5f:09:82:9b,1460496977.97
1,4c:7c:5f:09:82:9b,00:00:00:00:00:00,10.251.25.5,169.254.255.255,ff:ff:ff:ff:ff:ff,4c:7c:5f:09:82:9b,1460496977.99
1,4c:7c:5f:09:82:9b,00:00:00:00:00:00,10.251.25.5,10.251.25.1,ff:ff:ff:ff:ff:ff,4c:7c:5f:09:82:9b,1460496980.28
1,bc:4c:c4:06:17:16,00:00:00:00:00:00,10.251.25.247,169.254.255.255,ff:ff:ff:ff:ff:ff,bc:4c:c4:06:17:16,1460496981.11
1,0c:8b:fd:c0:e6:03,00:00:00:00:00:00,0.0.0.0,10.251.25.112,ff:ff:ff:ff:ff:ff,0c:8b:fd:c0:e6:03,1460496983.75
1,0c:8b:fd:c0:e6:03,00:00:00:00:00:00,10.251.25.112,10.251.25.1,ff:ff:ff:ff:ff:ff,0c:8b:fd:c0:e6:03,1460496983.91
2,ac:f2:c5:bd:b8:28,0c:8b:fd:c0:e6:03,10.251.25.1,10.251.25.112,0c:8b:fd:c0:e6:03,ac:f2:c5:bd:b8:28,1460496983.93
1,24:4b:81:ff:e3:c8,00:00:00:00:00:00,10.251.25.15,10.251.25.1,ff:ff:ff:ff:ff:ff,24:4b:81:ff:e3:c8,1460496984.09
1,0c:8b:fd:c0:e6:03,00:00:00:00:00:00,0.0.0.0,10.251.25.112,ff:ff:ff:ff:ff:ff,0c:8b:fd:c0:e6:03,1460496984.76
1,0c:8b:fd:c0:e6:03,00:00:00:00:00:00,0.0.0.0,10.251.25.112,ff:ff:ff:ff:ff:ff,0c:8b:fd:c0:e6:03,1460496985.78
1,0c:8b:fd:c0:e6:03,00:00:00:00:00:00,10.251.25.112,10.251.25.112,ff:ff:ff:ff:ff:ff,0c:8b:fd:c0:e6:03,1460496986.73
1,0c:8b:fd:c0:e6:03,00:00:00:00:00:00,10.251.25.112,10.251.25.1,ff:ff:ff:ff:ff:ff,0c:8b:fd:c0:e6:03,1460496987.51
2,ac:f2:c5:bd:b8:28,0c:8b:fd:c0:e6:03,10.251.25.1,10.251.25.112,0c:8b:fd:c0:e6:03,ac:f2:c5:bd:b8:28,1460496987.62
1,0c:8b:fd:c0:e6:03,00:00:00:00:00:00,0.0.0.0,10.251.25.112,ff:ff:ff:ff:ff:ff,0c:8b:fd:c0:e6:03,1460496987.76
1,0c:8b:fd:c0:e6:03,00:00:00:00:00:00,0.0.0.0,10.251.25.112,ff:ff:ff:ff:ff:ff,0c:8b:fd:c0:e6:03,1460496988.77
1,0c:8b:fd:c0:e6:03,00:00:00:00:00:00,0.0.0.0,10.251.25.112,ff:ff:ff:ff:ff:ff,0c:8b:fd:c0:e6:03,1460496989.72
1,0c:8b:fd:c0:e6:03,00:00:00:00:00:00,10.251.25.112,10.251.25.112,ff:ff:ff:ff:ff:ff,0c:8b:fd:c0:e6:03,1460496990.73
1,a4:51:6f:ff:f5:04,00:00:00:00:00:00,0.0.0.0,169.254.120.58,ff:ff:ff:ff:ff:ff,a4:51:6f:ff:f5:04,1460497019.67
1,a4:51:6f:ff:f5:04,00:00:00:00:00:00,0.0.0.0,10.251.25.16,ff:ff:ff:ff:ff:ff,a4:51:6f:ff:f5:04,1460497021.41
1,a4:51:6f:ff:f5:04,00:00:00:00:00:00,10.251.25.16,10.251.25.1,ff:ff:ff:ff:ff:ff,a4:51:6f:ff:f5:04,1460497021.43
1,a4:51:6f:ff:f5:04,00:00:00:00:00:00,0.0.0.0,10.251.25.16,ff:ff:ff:ff:ff:ff,a4:51:6f:ff:f5:04,1460497022.46
1,a4:51:6f:ff:f5:04,00:00:00:00:00:00,10.251.25.16,10.251.25.16,ff:ff:ff:ff:ff:ff,a4:51:6f:ff:f5:04,1460497024.8
1,bc:4c:c4:06:17:16,00:00:00:00:00:00,10.251.25.247,10.251.25.247,ff:ff:ff:ff:ff:ff,bc:4c:c4:06:17:16,1460497071.52
1,bc:4c:c4:06:17:16,00:00:00:00:00:00,10.251.25.247,10.251.25.1,ff:ff:ff:ff:ff:ff,bc:4c:c4:06:17:16,1460497071.74
1,bc:4c:c4:06:17:16,00:00:00:00:00:00,10.251.25.247,169.254.255.255,ff:ff:ff:ff:ff:ff,bc:4c:c4:06:17:16,1460497071.97
1,bc:4c:c4:06:17:16,00:00:00:00:00:00,10.251.25.247,10.251.25.1,ff:ff:ff:ff:ff:ff,bc:4c:c4:06:17:16,1460497072.79
1,a4:51:6f:ff:f5:04,00:00:00:00:00:00,0.0.0.0,10.251.25.16,ff:ff:ff:ff:ff:ff,a4:51:6f:ff:f5:04,1460497090.57
1,bc:4c:c4:06:17:16,00:00:00:00:00:00,10.251.25.247,10.251.25.247,ff:ff:ff:ff:ff:ff,bc:4c:c4:06:17:16,1460497109.59
1,bc:4c:c4:06:17:16,00:00:00:00:00:00,10.251.25.247,169.254.255.255,ff:ff:ff:ff:ff:ff,bc:4c:c4:06:17:16,1460497109.81
1,bc:4c:c4:06:17:16,00:00:00:00:00:00,10.251.25.247,10.251.25.1,ff:ff:ff:ff:ff:ff,bc:4c:c4:06:17:16,1460497110.84
1,bc:4c:c4:06:17:16,00:00:00:00:00:00,10.251.25.247,10.251.25.247,ff:ff:ff:ff:ff:ff,bc:4c:c4:06:17:16,1460497111.26
1,bc:4c:c4:06:17:16,00:00:00:00:00:00,10.251.25.247,10.251.25.1,ff:ff:ff:ff:ff:ff,bc:4c:c4:06:17:16,1460497111.28
1,bc:4c:c4:06:17:16,00:00:00:00:00:00,10.251.25.247,10.251.25.1,ff:ff:ff:ff:ff:ff,bc:4c:c4:06:17:16,1460497111.49
1,4c:7c:5f:09:82:9b,00:00:00:00:00:00,10.251.25.5,10.251.25.1,ff:ff:ff:ff:ff:ff,4c:7c:5f:09:82:9b,1460497127.96
1,a0:e4:53:cb:44:29,00:00:00:00:00:00,10.251.25.17,10.251.25.17,ff:ff:ff:ff:ff:ff,a0:e4:53:cb:44:29,1460497145.76
1,a0:e4:53:cb:44:29,00:00:00:00:00:00,10.251.25.17,10.251.25.17,ff:ff:ff:ff:ff:ff,a0:e4:53:cb:44:29,1460497146.8
1,94:eb:cd:9d:40:0e,00:00:00:00:00:00,10.251.25.20,10.251.25.20,ff:ff:ff:ff:ff:ff,94:eb:cd:9d:40:0e,1460497154.7
1,94:eb:cd:9d:40:0e,00:00:00:00:00:00,10.251.25.20,10.251.25.1,ff:ff:ff:ff:ff:ff,94:eb:cd:9d:40:0e,1460497155.12
1,94:eb:cd:9d:40:0e,00:00:00:00:00:00,0.0.0.0,169.254.137.236,ff:ff:ff:ff:ff:ff,94:eb:cd:9d:40:0e,1460497155.35
1,94:eb:cd:9d:40:0e,00:00:00:00:00:00,0.0.0.0,169.254.137.236,ff:ff:ff:ff:ff:ff,94:eb:cd:9d:40:0e,1460497157.67
1,0c:41:3e:4c:e0:54,00:00:00:00:00:00,0.0.0.0,169.254.103.146,ff:ff:ff:ff:ff:ff,0c:41:3e:4c:e0:54,1460497168.04
1,0c:41:3e:4c:e0:54,00:00:00:00:00:00,0.0.0.0,169.254.103.146,ff:ff:ff:ff:ff:ff,0c:41:3e:4c:e0:54,1460497169.79
1,0c:41:3e:4c:e0:54,00:00:00:00:00:00,0.0.0.0,10.251.25.21,ff:ff:ff:ff:ff:ff,0c:41:3e:4c:e0:54,1460497171.4
1,0c:41:3e:4c:e0:54,00:00:00:00:00:00,0.0.0.0,10.251.25.21,ff:ff:ff:ff:ff:ff,0c:41:3e:4c:e0:54,1460497172.23
1,0c:41:3e:4c:e0:54,00:00:00:00:00:00,10.251.25.21,10.251.25.21,ff:ff:ff:ff:ff:ff,0c:41:3e:4c:e0:54,1460497173.53
1,0c:8b:fd:c0:e6:03,ac:f2:c5:bd:b8:28,10.251.25.112,10.251.25.1,ac:f2:c5:bd:b8:28,0c:8b:fd:c0:e6:03,1460497188.27
2,ac:f2:c5:bd:b8:28,0c:8b:fd:c0:e6:03,10.251.25.1,10.251.25.112,0c:8b:fd:c0:e6:03,ac:f2:c5:bd:b8:28,1460497188.29
1,ac:36:13:1a:1f:92,00:00:00:00:00:00,10.251.25.22,10.251.25.1,ff:ff:ff:ff:ff:ff,ac:36:13:1a:1f:92,1460497189.41
1,f4:f5:a5:bc:07:70,00:00:00:00:00:00,10.251.25.9,10.251.25.1,ff:ff:ff:ff:ff:ff,f4:f5:a5:bc:07:70,1460497196.32
1,94:d7:71:1f:8a:4b,00:00:00:00:00:00,10.251.25.23,10.251.25.1,ff:ff:ff:ff:ff:ff,94:d7:71:1f:8a:4b,1460497231.12
1,0c:8b:fd:c0:e6:03,ac:f2:c5:bd:b8:28,10.251.25.112,10.251.25.1,ac:f2:c5:bd:b8:28,0c:8b:fd:c0:e6:03,1460497236.3
2,ac:f2:c5:bd:b8:28,0c:8b:fd:c0:e6:03,10.251.25.1,10.251.25.112,0c:8b:fd:c0:e6:03,ac:f2:c5:bd:b8:28,1460497236.3
1,84:8e:0c:67:26:ad,00:00:00:00:00:00,0.0.0.0,10.251.25.25,ff:ff:ff:ff:ff:ff,84:8e:0c:67:26:ad,1460497250.19
1,84:8e:0c:67:26:ad,00:00:00:00:00:00,0.0.0.0,10.251.25.25,ff:ff:ff:ff:ff:ff,84:8e:0c:67:26:ad,1460497250.4
1,84:8e:0c:67:26:ad,00:00:00:00:00:00,10.251.25.25,10.251.25.25,ff:ff:ff:ff:ff:ff,84:8e:0c:67:26:ad,1460497251.67
1,84:8e:0c:67:26:ad,00:00:00:00:00:00,10.251.25.25,10.251.25.25,ff:ff:ff:ff:ff:ff,84:8e:0c:67:26:ad,1460497251.89
1,84:8e:0c:67:26:ad,00:00:00:00:00:00,10.251.25.25,10.251.25.1,ff:ff:ff:ff:ff:ff,84:8e:0c:67:26:ad,1460497251.9
1,84:8e:0c:67:26:ad,00:00:00:00:00:00,10.251.25.25,169.254.255.255,ff:ff:ff:ff:ff:ff,84:8e:0c:67:26:ad,1460497251.91
1,84:8e:0c:67:26:ad,00:00:00:00:00:00,10.251.25.25,10.251.25.1,ff:ff:ff:ff:ff:ff,84:8e:0c:67:26:ad,1460497251.92
1,d4:40:f0:81:87:31,00:00:00:00:00:00,10.251.25.26,10.251.25.1,ff:ff:ff:ff:ff:ff,d4:40:f0:81:87:31,1460497253.77
1,f4:f5:a5:bc:07:70,00:00:00:00:00:00,10.251.25.9,10.251.25.1,ff:ff:ff:ff:ff:ff,f4:f5:a5:bc:07:70,1460497270.85
1,14:30:c6:a2:7f:fd,00:00:00:00:00:00,10.251.25.29,10.251.25.1,ff:ff:ff:ff:ff:ff,14:30:c6:a2:7f:fd,1460497271.06
1,a0:82:1f:b5:34:a4,00:00:00:00:00:00,10.251.25.30,10.251.25.1,ff:ff:ff:ff:ff:ff,a0:82:1f:b5:34:a4,1460497273.38
1,98:0c:82:34:14:c6,00:00:00:00:00:00,10.251.25.31,10.251.25.1,ff:ff:ff:ff:ff:ff,98:0c:82:34:14:c6,1460497274.6
1,0c:8b:fd:c0:e6:03,ac:f2:c5:bd:b8:28,10.251.25.112,10.251.25.1,ac:f2:c5:bd:b8:28,0c:8b:fd:c0:e6:03,1460497290.22
2,ac:f2:c5:bd:b8:28,0c:8b:fd:c0:e6:03,10.251.25.1,10.251.25.112,0c:8b:fd:c0:e6:03,ac:f2:c5:bd:b8:28,1460497290.23
1,44:74:6c:d9:19:ce,00:00:00:00:00:00,10.251.25.32,10.251.25.32,ff:ff:ff:ff:ff:ff,44:74:6c:d9:19:ce,1460497303.88
1,98:0c:82:34:14:c6,00:00:00:00:00:00,10.251.25.31,10.251.25.1,ff:ff:ff:ff:ff:ff,98:0c:82:34:14:c6,1460497320.17
1,98:0c:82:34:14:c6,00:00:00:00:00:00,10.251.25.31,10.251.25.1,ff:ff:ff:ff:ff:ff,98:0c:82:34:14:c6,1460497321.39
1,98:0c:82:34:14:c6,00:00:00:00:00:00,10.251.25.31,10.251.25.1,ff:ff:ff:ff:ff:ff,98:0c:82:34:14:c6,1460497323.45
1,98:0c:82:34:14:c6,00:00:00:00:00:00,10.251.25.31,10.251.25.1,ff:ff:ff:ff:ff:ff,98:0c:82:34:14:c6,1460497325.37
1,98:0c:82:34:14:c6,00:00:00:00:00:00,10.251.25.31,10.251.25.1,ff:ff:ff:ff:ff:ff,98:0c:82:34:14:c6,1460497325.9
1,98:0c:82:34:14:c6,00:00:00:00:00:00,10.251.25.31,10.251.25.1,ff:ff:ff:ff:ff:ff,98:0c:82:34:14:c6,1460497327.01
1,98:0c:82:34:14:c6,00:00:00:00:00:00,10.251.25.31,10.251.25.1,ff:ff:ff:ff:ff:ff,98:0c:82:34:14:c6,1460497328.73
1,98:0c:82:34:14:c6,00:00:00:00:00:00,10.251.25.31,10.251.25.1,ff:ff:ff:ff:ff:ff,98:0c:82:34:14:c6,1460497330.66
1,98:0c:82:34:14:c6,00:00:00:00:00:00,10.251.25.31,10.251.25.1,ff:ff:ff:ff:ff:ff,98:0c:82:34:14:c6,1460497331.93
1,98:0c:82:34:14:c6,00:00:00:00:00:00,10.251.25.31,10.251.25.1,ff:ff:ff:ff:ff:ff,98:0c:82:34:14:c6,1460497331.93
1,98:0c:82:34:14:c6,00:00:00:00:00:00,10.251.25.31,10.251.25.1,ff:ff:ff:ff:ff:ff,98:0c:82:34:14:c6,1460497332.64
1,98:0c:82:34:14:c6,00:00:00:00:00:00,10.251.25.31,10.251.25.1,ff:ff:ff:ff:ff:ff,98:0c:82:34:14:c6,1460497333.76
1,98:0c:82:34:14:c6,00:00:00:00:00:00,10.251.25.31,10.251.25.1,ff:ff:ff:ff:ff:ff,98:0c:82:34:14:c6,1460497334.57
1,98:0c:82:34:14:c6,00:00:00:00:00:00,10.251.25.31,10.251.25.1,ff:ff:ff:ff:ff:ff,98:0c:82:34:14:c6,1460497337.7
1,98:0c:82:34:14:c6,00:00:00:00:00:00,10.251.25.31,10.251.25.1,ff:ff:ff:ff:ff:ff,98:0c:82:34:14:c6,1460497338.7
1,bc:4c:c4:06:17:16,00:00:00:00:00:00,10.251.25.247,10.251.25.1,ff:ff:ff:ff:ff:ff,bc:4c:c4:06:17:16,1460497339.54
1,bc:4c:c4:06:17:16,00:00:00:00:00:00,10.251.25.247,10.251.25.247,ff:ff:ff:ff:ff:ff,bc:4c:c4:06:17:16,1460497340.36
1,bc:4c:c4:06:17:16,00:00:00:00:00:00,10.251.25.247,169.254.255.255,ff:ff:ff:ff:ff:ff,bc:4c:c4:06:17:16,1460497340.59
1,bc:4c:c4:06:17:16,00:00:00:00:00:00,10.251.25.247,10.251.25.1,ff:ff:ff:ff:ff:ff,bc:4c:c4:06:17:16,1460497341.04
1,bc:4c:c4:06:17:16,00:00:00:00:00:00,10.251.25.247,10.251.25.1,ff:ff:ff:ff:ff:ff,bc:4c:c4:06:17:16,1460497341.05
1,bc:4c:c4:06:17:16,00:00:00:00:00:00,10.251.25.247,10.251.25.247,ff:ff:ff:ff:ff:ff,bc:4c:c4:06:17:16,1460497341.29
1,bc:4c:c4:06:17:16,00:00:00:00:00:00,10.251.25.247,10.251.25.1,ff:ff:ff:ff:ff:ff,bc:4c:c4:06:17:16,1460497341.6
1,64:6c:b2:48:fd:ee,00:00:00:00:00:00,10.251.25.33,10.251.25.1,ff:ff:ff:ff:ff:ff,64:6c:b2:48:fd:ee,1460497343.58
1,98:0c:82:34:14:c6,00:00:00:00:00:00,10.251.25.31,10.251.25.1,ff:ff:ff:ff:ff:ff,98:0c:82:34:14:c6,1460497343.79
1,98:0c:82:34:14:c6,00:00:00:00:00:00,10.251.25.31,10.251.25.1,ff:ff:ff:ff:ff:ff,98:0c:82:34:14:c6,1460497346.72
1,98:0c:82:34:14:c6,00:00:00:00:00:00,10.251.25.31,10.251.25.1,ff:ff:ff:ff:ff:ff,98:0c:82:34:14:c6,1460497352.52
1,98:0c:82:34:14:c6,00:00:00:00:00:00,10.251.25.31,10.251.25.1,ff:ff:ff:ff:ff:ff,98:0c:82:34:14:c6,1460497358.77
1,98:0c:82:34:14:c6,00:00:00:00:00:00,10.251.25.31,10.251.25.1,ff:ff:ff:ff:ff:ff,98:0c:82:34:14:c6,1460497362.16
1,a8:a6:68:cd:18:23,00:00:00:00:00:00,10.251.25.34,10.251.25.1,ff:ff:ff:ff:ff:ff,a8:a6:68:cd:18:23,1460497363.43
1,a8:a6:68:cd:18:23,00:00:00:00:00:00,10.251.25.34,10.251.25.1,ff:ff:ff:ff:ff:ff,a8:a6:68:cd:18:23,1460497364.45
1,34:cd:be:e4:92:73,00:00:00:00:00:00,10.251.25.38,10.251.25.1,ff:ff:ff:ff:ff:ff,34:cd:be:e4:92:73,1460497365.28
1,34:cd:be:e4:92:73,00:00:00:00:00:00,10.251.25.38,10.251.25.1,ff:ff:ff:ff:ff:ff,34:cd:be:e4:92:73,1460497365.3
1,34:cd:be:e4:92:73,00:00:00:00:00:00,10.251.25.38,10.251.25.1,ff:ff:ff:ff:ff:ff,34:cd:be:e4:92:73,1460497365.52
1,34:cd:be:e4:92:73,00:00:00:00:00:00,10.251.25.38,10.251.25.1,ff:ff:ff:ff:ff:ff,34:cd:be:e4:92:73,1460497365.73
1,34:cd:be:e4:92:73,00:00:00:00:00:00,10.251.25.38,10.251.25.1,ff:ff:ff:ff:ff:ff,34:cd:be:e4:92:73,1460497365.75
1,98:0c:82:34:14:c6,00:00:00:00:00:00,10.251.25.31,10.251.25.1,ff:ff:ff:ff:ff:ff,98:0c:82:34:14:c6,1460497366.06
1,34:cd:be:e4:92:73,00:00:00:00:00:00,10.251.25.38,10.251.25.1,ff:ff:ff:ff:ff:ff,34:cd:be:e4:92:73,1460497367.77
1,a8:a6:68:cd:18:23,00:00:00:00:00:00,10.251.25.34,10.251.25.1,ff:ff:ff:ff:ff:ff,a8:a6:68:cd:18:23,1460497367.99
1,98:0c:82:34:14:c6,00:00:00:00:00:00,10.251.25.31,10.251.25.1,ff:ff:ff:ff:ff:ff,98:0c:82:34:14:c6,1460497368.0
1,a8:a6:68:cd:18:23,00:00:00:00:00:00,10.251.25.34,10.251.25.1,ff:ff:ff:ff:ff:ff,a8:a6:68:cd:18:23,1460497368.81
1,48:59:29:b2:e9:44,00:00:00:00:00:00,10.251.25.30,10.251.25.1,ff:ff:ff:ff:ff:ff,48:59:29:b2:e9:44,1460497385.53
1,44:74:6c:d9:19:ce,00:00:00:00:00:00,10.251.25.32,10.251.25.1,ff:ff:ff:ff:ff:ff,44:74:6c:d9:19:ce,1460497387.36
1,44:74:6c:d9:19:ce,00:00:00:00:00:00,10.251.25.32,10.251.25.32,ff:ff:ff:ff:ff:ff,44:74:6c:d9:19:ce,1460497388.68
1,94:d7:71:1f:8a:4b,00:00:00:00:00:00,10.251.25.23,10.251.25.1,ff:ff:ff:ff:ff:ff,94:d7:71:1f:8a:4b,1460497392.8
1,0c:8b:fd:c0:e6:03,ac:f2:c5:bd:b8:28,10.251.25.112,10.251.25.1,ac:f2:c5:bd:b8:28,0c:8b:fd:c0:e6:03,1460497409.78
2,ac:f2:c5:bd:b8:28,0c:8b:fd:c0:e6:03,10.251.25.1,10.251.25.112,0c:8b:fd:c0:e6:03,ac:f2:c5:bd:b8:28,1460497409.8
1,0c:30:21:50:46:f0,00:00:00:00:00:00,0.0.0.0,10.251.25.42,ff:ff:ff:ff:ff:ff,0c:30:21:50:46:f0,1460497417.26
1,0c:30:21:50:46:f0,00:00:00:00:00:00,0.0.0.0,10.251.25.42,ff:ff:ff:ff:ff:ff,0c:30:21:50:46:f0,1460497417.5
1,0c:30:21:50:46:f0,00:00:00:00:00:00,0.0.0.0,10.251.25.42,ff:ff:ff:ff:ff:ff,0c:30:21:50:46:f0,1460497418.51
1,0c:30:21:50:46:f0,00:00:00:00:00:00,10.251.25.42,10.251.25.42,ff:ff:ff:ff:ff:ff,0c:30:21:50:46:f0,1460497418.53
1,0c:30:21:50:46:f0,00:00:00:00:00:00,10.251.25.42,10.251.25.42,ff:ff:ff:ff:ff:ff,0c:30:21:50:46:f0,1460497418.55
1,0c:30:21:50:46:f0,00:00:00:00:00:00,10.251.25.42,10.251.25.42,ff:ff:ff:ff:ff:ff,0c:30:21:50:46:f0,1460497418.56
1,0c:30:21:50:46:f0,00:00:00:00:00:00,10.251.25.42,10.251.25.1,ff:ff:ff:ff:ff:ff,0c:30:21:50:46:f0,1460497418.57
1,0c:30:21:50:46:f0,00:00:00:00:00:00,10.251.25.42,169.254.255.255,ff:ff:ff:ff:ff:ff,0c:30:21:50:46:f0,1460497418.58
1,0c:30:21:50:46:f0,00:00:00:00:00:00,10.251.25.42,10.251.25.1,ff:ff:ff:ff:ff:ff,0c:30:21:50:46:f0,1460497418.78
1,a8:a6:68:cd:18:23,00:00:00:00:00:00,10.251.25.34,10.251.25.1,ff:ff:ff:ff:ff:ff,a8:a6:68:cd:18:23,1460497425.24
1,a8:a6:68:cd:18:23,00:00:00:00:00:00,10.251.25.34,10.251.25.1,ff:ff:ff:ff:ff:ff,a8:a6:68:cd:18:23,1460497435.9
1,0c:8b:fd:c0:e6:03,ac:f2:c5:bd:b8:28,10.251.25.112,10.251.25.1,ac:f2:c5:bd:b8:28,0c:8b:fd:c0:e6:03,1460497438.74
2,ac:f2:c5:bd:b8:28,0c:8b:fd:c0:e6:03,10.251.25.1,10.251.25.112,0c:8b:fd:c0:e6:03,ac:f2:c5:bd:b8:28,1460497438.75
1,4c:3c:16:6d:8a:46,00:00:00:00:00:00,10.251.25.43,10.251.25.1,ff:ff:ff:ff:ff:ff,4c:3c:16:6d:8a:46,1460497447.83
1,f4:1b:a1:60:76:1d,00:00:00:00:00:00,0.0.0.0,10.251.25.44,ff:ff:ff:ff:ff:ff,f4:1b:a1:60:76:1d,1460497458.81
1,f4:1b:a1:60:76:1d,00:00:00:00:00:00,0.0.0.0,10.251.25.44,ff:ff:ff:ff:ff:ff,f4:1b:a1:60:76:1d,1460497459.03
1,f4:1b:a1:60:76:1d,00:00:00:00:00:00,10.251.25.44,10.251.25.44,ff:ff:ff:ff:ff:ff,f4:1b:a1:60:76:1d,1460497459.93
1,f4:1b:a1:60:76:1d,00:00:00:00:00:00,10.251.25.44,10.251.25.44,ff:ff:ff:ff:ff:ff,f4:1b:a1:60:76:1d,1460497460.36
1,f4:1b:a1:60:76:1d,00:00:00:00:00:00,10.251.25.44,10.251.25.44,ff:ff:ff:ff:ff:ff,f4:1b:a1:60:76:1d,1460497460.48
1,f4:1b:a1:60:76:1d,00:00:00:00:00:00,10.251.25.44,10.251.25.1,ff:ff:ff:ff:ff:ff,f4:1b:a1:60:76:1d,1460497460.49
1,f4:1b:a1:60:76:1d,00:00:00:00:00:00,10.251.25.44,169.254.255.255,ff:ff:ff:ff:ff:ff,f4:1b:a1:60:76:1d,1460497460.71
1,0c:8b:fd:c0:e6:03,ac:f2:c5:bd:b8:28,10.251.25.112,10.251.25.1,ac:f2:c5:bd:b8:28,0c:8b:fd:c0:e6:03,1460497460.73
2,ac:f2:c5:bd:b8:28,0c:8b:fd:c0:e6:03,10.251.25.1,10.251.25.112,0c:8b:fd:c0:e6:03,ac:f2:c5:bd:b8:28,1460497460.85
1,f4:1b:a1:60:76:1d,00:00:00:00:00:00,10.251.25.44,10.251.25.1,ff:ff:ff:ff:ff:ff,f4:1b:a1:60:76:1d,1460497460.97
1,48:59:29:b7:7d:95,00:00:00:00:00:00,10.251.25.46,10.251.25.1,ff:ff:ff:ff:ff:ff,48:59:29:b7:7d:95,1460497478.94
1,a0:e4:53:cb:44:29,00:00:00:00:00:00,10.251.25.17,10.251.25.17,ff:ff:ff:ff:ff:ff,a0:e4:53:cb:44:29,1460497493.32
1,a0:e4:53:cb:44:29,00:00:00:00:00:00,10.251.25.17,10.251.25.17,ff:ff:ff:ff:ff:ff,a0:e4:53:cb:44:29,1460497494.34
1,a0:e4:53:cb:44:29,00:00:00:00:00:00,10.251.25.17,10.251.25.1,ff:ff:ff:ff:ff:ff,a0:e4:53:cb:44:29,1460497494.76
1,4c:7c:5f:09:82:9b,00:00:00:00:00:00,0.0.0.0,10.251.25.47,ff:ff:ff:ff:ff:ff,4c:7c:5f:09:82:9b,1460497546.35
1,4c:7c:5f:09:82:9b,00:00:00:00:00:00,0.0.0.0,10.251.25.47,ff:ff:ff:ff:ff:ff,4c:7c:5f:09:82:9b,1460497546.57
1,4c:7c:5f:09:82:9b,00:00:00:00:00:00,10.251.25.47,10.251.25.47,ff:ff:ff:ff:ff:ff,4c:7c:5f:09:82:9b,1460497546.98
1,4c:7c:5f:09:82:9b,00:00:00:00:00:00,10.251.25.47,10.251.25.47,ff:ff:ff:ff:ff:ff,4c:7c:5f:09:82:9b,1460497547.2
1,4c:7c:5f:09:82:9b,00:00:00:00:00:00,10.251.25.47,10.251.25.1,ff:ff:ff:ff:ff:ff,4c:7c:5f:09:82:9b,1460497547.82
1,4c:7c:5f:09:82:9b,00:00:00:00:00:00,10.251.25.47,169.254.255.255,ff:ff:ff:ff:ff:ff,4c:7c:5f:09:82:9b,1460497548.04
1,4c:7c:5f:09:82:9b,00:00:00:00:00:00,10.251.25.47,10.251.25.1,ff:ff:ff:ff:ff:ff,4c:7c:5f:09:82:9b,1460497548.25
1,f4:f1:e1:90:a3:4c,00:00:00:00:00:00,10.251.25.48,10.251.25.1,ff:ff:ff:ff:ff:ff,f4:f1:e1:90:a3:4c,1460497557.07
1,c4:9a:02:30:70:2a,00:00:00:00:00:00,10.251.25.49,10.251.25.1,ff:ff:ff:ff:ff:ff,c4:9a:02:30:70:2a,1460497578.16
1,0c:8b:fd:c0:e6:03,ac:f2:c5:bd:b8:28,10.251.25.112,10.251.25.1,ac:f2:c5:bd:b8:28,0c:8b:fd:c0:e6:03,1460497584.71
2,ac:f2:c5:bd:b8:28,0c:8b:fd:c0:e6:03,10.251.25.1,10.251.25.112,0c:8b:fd:c0:e6:03,ac:f2:c5:bd:b8:28,1460497584.72
1,a0:e4:53:cb:44:29,00:00:00:00:00:00,10.251.25.17,10.251.25.1,ff:ff:ff:ff:ff:ff,a0:e4:53:cb:44:29,1460497595.45
1,30:39:26:65:19:e6,00:00:00:00:00:00,10.251.25.50,10.251.25.50,ff:ff:ff:ff:ff:ff,30:39:26:65:19:e6,1460497603.81
1,30:39:26:65:19:e6,00:00:00:00:00:00,10.251.25.50,10.251.25.50,ff:ff:ff:ff:ff:ff,30:39:26:65:19:e6,1460497605.94
1,30:39:26:65:19:e6,00:00:00:00:00:00,10.251.25.50,10.251.25.1,ff:ff:ff:ff:ff:ff,30:39:26:65:19:e6,1460497608.46
1,30:39:26:65:19:e6,00:00:00:00:00:00,10.251.25.50,10.251.25.50,ff:ff:ff:ff:ff:ff,30:39:26:65:19:e6,1460497627.45
1,a0:e4:53:cb:44:29,00:00:00:00:00:00,10.251.25.17,10.251.25.17,ff:ff:ff:ff:ff:ff,a0:e4:53:cb:44:29,1460497662.32
1,a0:e4:53:cb:44:29,00:00:00:00:00:00,10.251.25.17,10.251.25.1,ff:ff:ff:ff:ff:ff,a0:e4:53:cb:44:29,1460497662.54
1,a0:e4:53:cb:44:29,00:00:00:00:00:00,10.251.25.17,10.251.25.17,ff:ff:ff:ff:ff:ff,a0:e4:53:cb:44:29,1460497663.15
1,4c:7c:5f:09:82:9b,00:00:00:00:00:00,10.251.25.47,10.251.25.1,ff:ff:ff:ff:ff:ff,4c:7c:5f:09:82:9b,1460497672.13
1,b0:c5:59:b6:3d:cb,00:00:00:00:00:00,10.251.25.52,10.251.25.1,ff:ff:ff:ff:ff:ff,b0:c5:59:b6:3d:cb,1460497726.87
1,50:fc:9f:f2:38:ab,00:00:00:00:00:00,10.251.25.51,10.251.25.1,ff:ff:ff:ff:ff:ff,50:fc:9f:f2:38:ab,1460497736.7
1,bc:4c:c4:06:17:16,00:00:00:00:00:00,10.251.25.247,10.251.25.1,ff:ff:ff:ff:ff:ff,bc:4c:c4:06:17:16,1460497737.88
1,bc:4c:c4:06:17:16,00:00:00:00:00:00,10.251.25.247,10.251.25.1,ff:ff:ff:ff:ff:ff,bc:4c:c4:06:17:16,1460497769.68
